LanePointX,LanePointY
-1.381014,1.650000
-1.113241,1.650000
-0.854754,1.650000
-0.574011,1.650000
-0.318102,1.650000
-0.035825,1.650000
0.229123,1.650000
0.507687,1.650000
0.796674,1.650000
1.050602,1.650000
1.307753,1.650000
1.566873,1.650000
1.825956,1.650000
2.085963,1.650000
2.346511,1.650000
2.606411,1.650000
2.866118,1.650000
3.125230,1.650000
3.383631,1.650000
3.641639,1.650000
3.899115,1.650000
4.156949,1.650000
4.417711,1.650000
4.685393,1.650000
4.962548,1.650000
5.252524,1.650000
5.506004,1.650000
5.770322,1.650000
6.045294,1.650000
6.331420,1.650000
6.628258,1.650000
6.936051,1.650000
7.189809,1.650000
7.450828,1.650000
7.718823,1.650000
7.993926,1.650000
8.274897,1.650000
8.563284,1.650000
8.856629,1.650000
9.155999,1.650000
9.458958,1.650000
9.767161,1.650000
10.080127,1.650000
10.396882,1.650000
10.716998,1.650000
11.041321,1.650000
11.367066,1.650000
11.694394,1.650000
12.023044,1.650000
12.352569,1.650000
12.682292,1.650000
13.012328,1.650000
13.341523,1.650000
13.671047,1.650000
14.001373,1.650000
14.334346,1.650000
14.584899,1.650000
14.838127,1.650000
15.093566,1.650000
15.351803,1.650000
15.612881,1.650000
15.878316,1.650000
16.146415,1.650000
16.418925,1.650000
16.695143,1.650000
16.975409,1.650000
17.259635,1.650000
17.547747,1.650000
17.839755,1.650000
18.135641,1.650000
18.435112,1.650000
18.739186,1.650000
19.045875,1.650000
19.358418,1.650000
19.673221,1.650000
19.992197,1.650000
20.315246,1.650000
20.641603,1.650000
20.972896,1.650000
21.306976,1.650000
21.645800,1.650000
21.988144,1.650000
22.334142,1.650000
22.684309,1.650000
23.038410,1.650000
23.396858,1.650000
23.758122,1.650000
24.122406,1.650000
24.489835,1.650081
24.861426,1.650130
25.235118,1.649978
25.613724,1.649633
25.865868,1.649330
26.120364,1.648858
26.376360,1.648182
26.632106,1.647298
26.889583,1.646233
27.148688,1.644992
27.407609,1.643471
27.667729,1.641628
27.927981,1.639460
28.188660,1.636998
28.449803,1.634248
28.712132,1.631090
28.974358,1.627501
29.237373,1.623459
29.500077,1.619014
29.763206,1.614161
30.026084,1.608801
30.289358,1.602886
30.552434,1.596417
30.815014,1.589438
31.078182,1.581927
31.341883,1.573775
31.605497,1.564965
31.868583,1.555502
32.131641,1.545403
32.395471,1.534645
32.659015,1.523159
32.922171,1.510919
33.186209,1.497853
33.449619,1.484066
33.713234,1.469526
33.976605,1.454149
34.239529,1.437915
34.503551,1.420716
34.766681,1.402712
35.030249,1.383823
35.293414,1.363999
35.557868,1.343076
35.821303,1.321220
36.084291,1.298427
36.347242,1.274669
36.611743,1.249689
36.875098,1.223700
37.137058,1.196731
37.401354,1.168428
37.663631,1.139256
37.927120,1.108756
38.190876,1.076991
38.453666,1.044100
38.716393,1.010010
38.978750,0.974769
39.240693,0.938277
39.503491,0.900322
39.766607,0.860957
40.028686,0.820420
40.290839,0.778551
40.551580,0.735487
40.814039,0.690673
41.075891,0.644481
41.335863,0.597184
41.598226,0.548010
41.858012,0.497771
42.119403,0.445636
42.379380,0.392184
42.639244,0.337193
42.899551,0.280543
43.158479,0.222523
43.418025,0.162655
43.677694,0.101028
43.934848,0.038278
44.194234,-0.026672
44.451132,-0.092757
44.708609,-0.160813
44.966511,-0.230837
45.222923,-0.302317
45.478176,-0.375271
45.733560,-0.450140
45.989235,-0.527027
46.244158,-0.605637
46.498013,-0.685871
46.750051,-0.767472
47.002581,-0.851183
47.255646,-0.937043
47.505678,-1.023834
47.757352,-1.113166
48.007177,-1.203820
48.255938,-1.296060
48.504108,-1.390055
48.751404,-1.485698
48.999120,-1.583497
49.244452,-1.682343
49.489804,-1.783189
49.734367,-1.885709
49.978918,-1.990238
50.220834,-2.095645
50.463558,-2.203417
50.704477,-2.312407
50.945336,-2.423396
51.184941,-2.535839
51.423045,-2.649606
51.660956,-2.765318
51.898136,-2.882722
52.134744,-3.001902
52.370320,-3.122627
52.603875,-3.244376
52.837097,-3.368015
53.069927,-3.493526
53.301291,-3.620332
53.532255,-3.749013
53.761842,-3.879026
53.990001,-4.010330
54.217767,-4.143518
54.444055,-4.277958
54.670265,-4.414482
54.894820,-4.552144
55.117565,-4.690828
55.340352,-4.831685
55.561836,-4.973877
55.782312,-5.117588
56.001652,-5.262734
56.219676,-5.409188
56.437082,-5.557419
56.653052,-5.706872
56.867880,-5.857741
57.081825,-6.010208
57.294356,-6.163895
57.506287,-6.319388
57.716788,-6.476083
57.925668,-6.633825
58.134231,-6.793597
58.341198,-6.954430
58.546787,-7.116479
58.751174,-7.279876
58.954742,-7.444931
59.157024,-7.611270
59.458150,-7.863269
59.657302,-8.032869
59.854969,-8.203567
60.051900,-8.376009
60.247369,-8.549564
60.441357,-8.724206
60.730494,-8.989044
61.015848,-9.255881
61.299511,-9.526668
61.579625,-9.799646
61.857113,-10.075696
62.131344,-10.354188
62.402809,-10.635608
62.670586,-10.918983
62.935866,-11.205557
63.198097,-11.494750
63.456464,-11.785629
63.712488,-12.079896
63.965164,-12.376411
64.214513,-12.675178
64.460841,-12.976554
64.704156,-13.280554
64.944064,-13.586680
65.180707,-13.895099
65.414003,-14.205689
65.644187,-14.518760
65.870927,-14.833855
66.094307,-15.151076
66.314334,-15.470420
66.530998,-15.791866
66.744066,-16.115049
66.953965,-16.440606
67.159993,-16.767433
67.363190,-17.097172
67.562463,-17.428052
67.758656,-17.761457
67.951015,-18.096101
68.140631,-18.433893
68.325900,-18.771971
68.507838,-19.112131
68.686324,-19.454158
68.860820,-19.796986
69.032405,-20.142739
69.199955,-20.489159
69.364352,-20.838058
69.524604,-21.187314
69.681472,-21.538548
69.834347,-21.890373
69.983968,-22.244476
70.129953,-22.599985
70.272143,-22.956485
70.410633,-23.314192
70.545567,-23.673468
70.676744,-24.033777
70.804141,-24.395025
70.927728,-24.757088
71.047862,-25.121013
71.163973,-25.485065
71.276775,-25.851474
71.385380,-26.217350
71.490549,-26.585202
71.591699,-26.952988
71.689224,-27.322087
71.783012,-27.692093
71.872900,-28.062320
71.959019,-28.433245
72.041445,-28.805194
72.120165,-29.178135
72.195041,-29.551398
72.266164,-29.925406
72.333519,-30.300063
72.396934,-30.674344
72.456580,-31.049141
72.512516,-31.424846
72.564780,-31.801813
72.613043,-32.177592
72.657620,-32.554483
72.698336,-32.931019
72.735351,-33.308634
72.768471,-33.685289
72.797854,-34.062587
72.823435,-34.439688
72.845268,-34.817312
72.863313,-35.194807
72.877585,-35.572323
72.888084,-35.949679
72.894826,-36.327482
72.897794,-36.704496
72.897005,-37.081943
72.892457,-37.459217
72.884163,-37.835883
72.872142,-38.211877
72.856359,-38.588316
72.836881,-38.963667
72.813670,-39.338920
72.786739,-39.713863
72.756072,-40.088675
72.721809,-40.461846
72.683795,-40.835218
72.642080,-41.208203
72.596716,-41.580373
72.547666,-41.952095
72.494973,-42.323050
72.438754,-42.692550
72.378701,-43.062609
72.315235,-43.430630
72.247846,-43.799593
72.177134,-44.166183
72.102757,-44.532307
72.024825,-44.897423
71.943320,-45.261640
71.858277,-45.624819
71.769727,-45.986867
71.677698,-46.347699
71.582066,-46.707816
71.482946,-47.066785
71.380382,-47.424466
71.274269,-47.781241
71.164779,-48.136541
71.051811,-48.490722
70.935574,-48.843157
70.815718,-49.194916
70.692731,-49.544586
70.566134,-49.893548
70.436302,-50.240764
70.303074,-50.586688
70.166618,-50.930901
70.027059,-51.273125
69.883703,-51.615056
69.737626,-51.954128
69.587829,-52.292691
69.435144,-52.628767
69.279385,-52.962795
69.120542,-53.295342
68.958608,-53.626503
68.794372,-53.954468
68.627197,-54.281098
68.457507,-54.605731
68.284746,-54.929287
68.109900,-55.250178
67.932538,-55.569563
67.752823,-55.887111
67.571275,-56.201920
67.386930,-56.516123
67.200675,-56.828270
67.012838,-57.137649
66.822907,-57.445391
66.631293,-57.751432
66.437881,-58.056117
66.242227,-58.360004
66.045971,-58.660781
65.847826,-58.960737
65.648320,-59.259032
65.446989,-59.556341
65.244716,-59.851767
65.041497,-60.145398
64.836524,-60.438219
64.630647,-60.729432
64.423724,-61.019378
64.215357,-61.308490
64.006913,-61.595086
63.796838,-61.881576
63.586366,-62.166240
63.374582,-62.450296
63.162439,-62.732847
62.949263,-63.014844
62.735760,-63.295182
62.521413,-63.574940
62.306668,-63.853653
62.091427,-64.131335
61.876191,-64.407536
61.660008,-64.683730
61.443706,-64.958818
61.227101,-65.233016
61.010240,-65.506626
60.793503,-65.779221
60.576287,-66.051384
60.359476,-66.322393
60.141549,-66.594130
59.924889,-66.863820
59.707349,-67.134377
59.489040,-67.405622
59.271752,-67.675303
59.054956,-67.944432
58.838411,-68.213355
58.621981,-68.482063
58.406081,-68.750421
58.190247,-69.019113
57.975163,-69.287166
57.760615,-69.555027
57.546595,-69.822948
57.333105,-70.090881
57.120419,-70.358451
56.908326,-70.626278
56.696967,-70.894231
56.486338,-71.162128
56.276259,-71.430398
56.066771,-71.699302
55.857859,-71.969180
55.649463,-72.240441
55.441364,-72.513708
55.233628,-72.789254
55.026106,-73.067648
54.818734,-73.349379
54.611596,-73.634821
54.405343,-73.923340
54.199480,-74.216061
54.063126,-74.412831
53.926708,-74.612194
53.790916,-74.813370
53.655489,-75.016919
53.520737,-75.222483
53.386787,-75.429928
53.253332,-75.639787
53.119876,-75.852920
52.987716,-76.067328
52.855773,-76.284810
52.724750,-76.504287
52.594482,-76.726090
52.465221,-76.949851
52.336562,-77.176334
52.208358,-77.405895
52.081558,-77.636907
51.955732,-77.870198
51.830643,-78.106286
51.706335,-78.345189
51.583288,-78.586063
51.461606,-78.828735
51.341041,-79.073783
51.221745,-79.320989
51.103989,-79.569855
50.987454,-79.821120
50.872185,-80.074750
50.758790,-80.329488
50.646951,-80.586094
50.536681,-80.844614
50.428355,-81.104209
50.321498,-81.366041
50.216557,-81.629103
50.113687,-81.893041
50.012477,-82.158953
49.913133,-82.426367
49.816080,-82.694131
49.720756,-82.963836
49.627754,-83.233865
49.536636,-83.505504
49.447845,-83.777468
49.361279,-84.050008
49.276711,-84.323890
49.194575,-84.597741
49.114462,-84.872922
49.036792,-85.148004
48.961436,-85.423391
48.888140,-85.700023
48.817264,-85.976549
48.748582,-86.253818
48.682166,-86.531546
48.617914,-86.810177
48.556051,-87.088724
48.496429,-87.367821
48.439162,-87.646917
48.384029,-87.927083
48.331237,-88.207298
48.280792,-88.487474
48.232555,-88.768356
48.186605,-89.049517
48.143040,-89.330287
48.101496,-89.613068
48.062516,-89.894181
48.025698,-90.176376
47.991168,-90.458773
47.958986,-90.740802
47.928931,-91.024470
47.901361,-91.306369
47.875947,-91.589709
47.852844,-91.872930
47.832066,-92.155723
47.813516,-92.439382
47.797280,-92.722694
47.783339,-93.005789
47.771674,-93.288963
47.762266,-93.572842
47.755155,-93.856256
47.750323,-94.139724
47.747775,-94.422478
47.747494,-94.706047
47.749489,-94.989155
47.753750,-95.271802
47.760291,-95.555022
47.769102,-95.838041
47.780171,-96.120626
47.793496,-96.402914
47.809058,-96.684644
47.826926,-96.967043
47.847025,-97.248806
47.869308,-97.529521
47.893943,-97.811276
47.920779,-98.092227
47.949879,-98.373111
47.981203,-98.653524
48.014815,-98.934051
48.050587,-99.213624
48.088562,-99.492679
48.128734,-99.771201
48.171104,-100.049244
48.215821,-100.327734
48.262664,-100.605264
48.311729,-100.882453
48.362889,-101.158611
48.416411,-101.435190
48.471917,-101.710225
48.529776,-101.985586
48.589625,-102.259539
48.651913,-102.534149
48.716392,-102.808244
48.782553,-103.079757
48.851129,-103.351771
48.921875,-103.623255
48.995045,-103.895144
49.069911,-104.164741
49.146985,-104.433975
49.226459,-104.703472
49.307844,-104.971554
49.391424,-105.239190
49.476903,-105.505443
49.564427,-105.770812
49.654375,-106.036418
49.746188,-106.300596
49.840232,-106.564415
49.936224,-106.827080
50.034137,-107.088543
50.134339,-107.349792
50.236300,-107.609440
50.340298,-107.868233
50.446895,-108.127529
50.554776,-108.384131
50.664832,-108.640219
50.777022,-108.895677
50.891464,-109.150751
51.007665,-109.404337
51.125690,-109.656608
51.245818,-109.908170
51.367552,-110.157990
51.491685,-110.407705
51.617622,-110.656094
51.745566,-110.903568
51.875335,-111.149774
52.007048,-111.394952
52.140288,-111.638338
52.275988,-111.881640
52.413593,-112.123830
52.552230,-112.363410
52.693211,-112.602675
52.836225,-112.841068
52.980865,-113.077911
53.127742,-113.314206
53.276063,-113.548671
53.425706,-113.781151
53.577868,-114.013507
53.731522,-114.244151
53.886812,-114.473320
54.044180,-114.701663
54.203223,-114.928587
54.363851,-115.153977
54.526049,-115.377823
54.690600,-115.601197
54.856310,-115.822472
55.023534,-116.042149
55.192708,-116.260805
55.363686,-116.478240
55.536325,-116.694268
55.710758,-116.909056
55.886219,-117.121673
56.063581,-117.333191
56.242905,-117.543672
56.422871,-117.751576
56.605323,-117.959047
56.788886,-118.164506
56.974513,-118.369025
57.161358,-118.571666
57.349420,-118.772447
57.539418,-118.972139
57.730790,-119.170143
57.923314,-119.366244
58.118058,-119.561526
58.313434,-119.754395
58.510900,-119.946304
58.709537,-120.136349
58.909541,-120.324728
59.111222,-120.511733
59.314445,-120.697232
59.518026,-120.880159
59.724037,-121.062389
59.930870,-121.242480
60.139299,-121.421121
60.349400,-121.598368
60.559800,-121.773070
60.772204,-121.946660
60.986398,-122.118940
61.200370,-122.288307
61.416759,-122.456866
61.634090,-122.623451
61.852607,-122.788258
62.072355,-122.951324
62.293067,-123.112455
62.515189,-123.271982
62.738837,-123.429980
62.963004,-123.585741
63.189012,-123.740189
63.415747,-123.892557
63.643326,-124.042937
63.872081,-124.191556
64.102035,-124.338426
64.333283,-124.483605
64.565854,-124.627106
64.798267,-124.768028
65.032550,-124.907613
65.268175,-125.045529
65.504207,-125.181233
65.741896,-125.315447
65.980074,-125.447507
66.219207,-125.577682
66.458989,-125.705811
66.699365,-125.831876
66.941196,-125.956329
67.184752,-126.079290
67.428353,-126.199910
67.672596,-126.318503
67.917604,-126.435135
68.164232,-126.550207
68.411178,-126.663105
68.658066,-126.773678
68.906737,-126.882755
69.156257,-126.989910
69.406683,-127.095167
69.656982,-127.198100
69.908169,-127.299141
70.160576,-127.398417
70.413900,-127.495799
70.666549,-127.590688
70.921589,-127.684241
71.175869,-127.775291
71.431563,-127.864632
71.687830,-127.951959
71.943966,-128.037043
72.201679,-128.120454
72.458507,-128.201396
72.716805,-128.280626
72.976005,-128.357953
73.235423,-128.433173
73.495222,-128.506340
73.755415,-128.577462
74.016071,-128.646562
74.277925,-128.713828
74.539544,-128.778890
74.800797,-128.841734
75.063611,-128.902826
75.326068,-128.961712
75.590319,-129.018873
75.853240,-129.073632
76.116863,-129.126433
76.381471,-129.177324
76.645854,-129.226069
76.910210,-129.272718
77.176385,-129.317586
77.441067,-129.360114
77.706593,-129.400696
77.973105,-129.439341
78.239113,-129.475830
78.505315,-129.510272
78.771093,-129.542593
79.037424,-129.572919
79.303957,-129.601205
79.570706,-129.627453
79.838429,-129.651731
80.104999,-129.673847
80.371818,-129.693935
80.639013,-129.712000
80.907263,-129.728077
81.173490,-129.741990
81.441073,-129.753931
81.708539,-129.763819
81.975671,-129.771654
82.243052,-129.777456
82.510039,-129.781212
82.777019,-129.782933
83.044124,-129.782620
83.311181,-129.780271
83.578210,-129.775887
83.845119,-129.769470
84.111740,-129.761028
84.378925,-129.750529
84.644115,-129.738085
84.910711,-129.723547
85.176828,-129.707000
85.442099,-129.688480
85.707058,-129.667960
85.972358,-129.645387
86.238556,-129.620696
86.502864,-129.594148
86.766548,-129.565641
87.030163,-129.535121
87.295305,-129.502383
87.558383,-129.467864
87.821658,-129.431287
88.084592,-129.392722
88.346847,-129.352222
88.608998,-129.309701
88.870293,-129.265284
89.131805,-129.218790
89.392507,-129.170399
89.652475,-129.120104
89.912416,-129.067772
90.171941,-129.013476
90.431480,-128.957121
90.689214,-128.899111
90.946673,-128.839117
91.204031,-128.777093
91.461437,-128.712994
91.716756,-128.647359
91.972756,-128.579488
92.227704,-128.509828
92.482113,-128.438246
92.735866,-128.364778
92.988762,-128.289485
93.241891,-128.212039
93.493724,-128.132903
93.743978,-128.052186
93.994932,-127.969113
94.245118,-127.884131
94.494754,-127.797287
94.743712,-127.708672
94.991791,-127.618376
95.239618,-127.526136
95.486909,-127.432032
95.733251,-127.336347
95.980260,-127.238488
96.224274,-127.139929
96.470293,-127.038622
96.713990,-126.936308
96.957611,-126.832187
97.201282,-126.726237
97.443609,-126.619079
97.684355,-126.510798
97.925672,-126.400409
98.166588,-126.288464
98.406605,-126.175239
98.646001,-126.060622
98.884751,-125.944532
99.124120,-125.826462
99.362331,-125.707357
99.599300,-125.587301
99.836606,-125.465506
100.073941,-125.342016
100.310083,-125.217578
100.545712,-125.091916
100.779719,-124.965656
101.014214,-124.837673
101.248804,-124.708067
101.481422,-124.578101
101.715017,-124.446210
101.946740,-124.314024
102.178367,-124.180552
102.409765,-124.045820
102.640421,-123.910109
102.870162,-123.773654
103.099276,-123.636337
103.328543,-123.497705
103.557380,-123.358063
103.785182,-123.217767
104.013092,-123.076246
104.240389,-122.933991
104.466747,-122.791228
104.693502,-122.647014
104.919701,-122.502028
105.146413,-122.355644
105.373481,-122.208014
105.601353,-122.058974
105.829410,-121.909007
106.057469,-121.758357
106.287288,-121.605898
106.517665,-121.452474
106.750208,-121.297083
106.982494,-121.141568
107.216119,-120.984980
107.451147,-120.827319
107.687138,-120.668898
107.924228,-120.509599
108.161385,-120.350105
108.399698,-120.189772
108.638879,-120.028832
108.877761,-119.868082
109.118048,-119.706383
109.358305,-119.544702
109.599567,-119.382344
109.840722,-119.220058
110.081805,-119.057821
110.324318,-118.894621
110.566069,-118.731934
110.806961,-118.569824
111.049868,-118.406359
111.291840,-118.243524
111.533870,-118.080648
111.774814,-117.918504
112.016967,-117.755546
112.258895,-117.592740
112.500341,-117.430258
112.741323,-117.268088
112.983327,-117.105231
113.224993,-116.942601
113.466486,-116.780087
113.707768,-116.617716
113.949118,-116.455298
114.190703,-116.292723
114.431640,-116.130583
114.672310,-115.968623
114.913091,-115.806589
115.154001,-115.644468
115.395174,-115.482169
115.635959,-115.320132
115.876545,-115.158229
116.117824,-114.995859
116.358380,-114.833976
116.598077,-114.672671
116.838941,-114.510581
117.079924,-114.348410
117.320677,-114.186395
117.561561,-114.024291
117.802188,-113.862360
118.043616,-113.699890
118.284417,-113.537842
118.524497,-113.376279
118.764973,-113.214451
119.006293,-113.052053
119.245632,-112.890989
119.487380,-112.728303
119.726675,-112.567269
119.967994,-112.404872
120.207620,-112.243615
120.447389,-112.082262
120.688206,-111.920203
120.927387,-111.759246
121.167797,-111.597461
121.407502,-111.436150
121.647212,-111.274837
121.886996,-111.113473
122.126787,-110.952105
122.366043,-110.791096
122.605959,-110.629644
122.845152,-110.468679
123.085210,-110.307130
123.325527,-110.145408
123.565171,-109.984139
123.806683,-109.821613
124.047916,-109.659274
124.289851,-109.496508
124.532467,-109.333351
124.774599,-109.170452
125.017921,-109.006627
125.260734,-108.842996
125.504310,-108.678735
125.748019,-108.514289
125.991369,-108.349852
126.234530,-108.185249
126.478632,-108.019687
126.721156,-107.854912
126.963702,-107.689858
127.205937,-107.524611
127.447978,-107.359032
127.689787,-107.193120
127.931109,-107.027085
128.171501,-106.861255
128.411858,-106.694874
128.651236,-106.528536
128.890954,-106.361300
129.129921,-106.193960
129.368072,-106.026585
129.605687,-105.858843
129.842272,-105.691023
130.078959,-105.522298
130.314836,-105.353353
130.550317,-105.183916
130.785139,-105.014034
131.019700,-104.843358
131.252572,-104.672906
131.485701,-104.501293
131.717759,-104.329519
131.948767,-104.157430
132.179512,-103.984381
132.409586,-103.810649
132.638862,-103.636370
132.867146,-103.461718
133.094261,-103.286690
133.321358,-103.110338
133.547858,-102.933077
133.772389,-102.756026
133.996276,-102.578180
134.219705,-102.399239
134.442498,-102.219279
134.664021,-102.038788
134.884016,-101.858026
135.104138,-101.675659
135.321757,-101.493722
135.539610,-101.309872
135.756882,-101.124751
135.971971,-100.939773
136.186419,-100.753655
136.399814,-100.566595
136.611594,-100.379032
136.823170,-100.189690
137.032904,-100.000071
137.241563,-99.809523
137.449227,-99.617817
137.655338,-99.425406
137.861234,-99.231009
138.064727,-99.036736
138.266817,-98.841686
138.468193,-98.645033
138.668258,-98.447285
138.866669,-98.248759
139.064121,-98.048810
139.259496,-97.848603
139.453499,-97.647272
139.647275,-97.443541
139.838214,-97.240123
140.028395,-97.034873
140.216794,-96.828923
140.403035,-96.622532
140.588713,-96.413864
140.772224,-96.204680
140.954568,-95.993901
141.134844,-95.782601
141.313210,-95.570439
141.490681,-95.356131
141.665640,-95.141593
141.839069,-94.925700
142.011393,-94.707939
142.180865,-94.490342
142.348924,-94.271014
142.515352,-94.050191
142.679214,-93.829184
142.841683,-93.606467
143.002144,-93.382675
143.160382,-93.158044
143.316999,-92.931688
143.471275,-92.704705
143.623661,-92.476491
143.774287,-92.246628
143.922360,-92.016247
144.068336,-91.784629
144.212160,-91.551929
144.353153,-91.319318
144.492449,-91.084732
144.630046,-90.848027
144.764430,-90.611786
144.897018,-90.373627
145.026862,-90.135295
145.154700,-89.895216
145.280041,-89.654195
145.402664,-89.412646
145.522930,-89.169957
145.641018,-88.925805
145.756573,-88.680643
145.869157,-88.435328
145.979617,-88.187981
146.086976,-87.940871
146.191895,-87.692488
146.293917,-87.443559
146.393619,-87.192860
146.490976,-86.940464
146.585567,-86.687474
146.677397,-86.433812
146.766391,-86.179649
146.853203,-85.923462
146.937375,-85.666695
147.018828,-85.409687
147.098004,-85.150938
147.174502,-84.891640
147.248569,-84.631377
147.320214,-84.370268
147.389155,-84.109453
147.455997,-83.846510
147.520050,-83.584022
147.581865,-83.320271
147.641417,-83.055502
147.698499,-82.790714
147.753186,-82.525445
147.805517,-82.259393
147.855534,-81.992940
147.903448,-81.725161
147.948975,-81.457723
147.992105,-81.190601
148.033071,-80.922243
148.071931,-80.652914
148.108585,-80.383602
148.143073,-80.114184
148.175350,-79.845043
148.205595,-79.574631
148.233668,-79.304460
148.259601,-79.034484
148.283507,-78.763578
148.305203,-78.493874
148.324879,-78.223166
148.342494,-77.951791
148.357976,-77.680820
148.371340,-77.410200
148.382620,-77.139359
148.391793,-76.868895
148.398894,-76.597825
148.403891,-76.327216
148.406805,-76.056173
148.407624,-75.785728
148.406360,-75.515447
148.403009,-75.244734
148.397561,-74.973748
148.390073,-74.704570
148.380465,-74.434001
148.368816,-74.164559
148.355052,-73.894373
148.339237,-73.624815
148.321387,-73.355979
148.301404,-73.086376
148.279391,-72.817499
148.255364,-72.549376
148.229192,-72.280556
148.201013,-72.012526
148.170778,-71.744748
148.138458,-71.476973
148.104241,-71.210691
148.067817,-70.943448
148.029426,-70.677099
147.989073,-70.411567
147.946548,-70.145490
147.902066,-69.880259
147.855578,-69.615525
147.807074,-69.351219
147.756647,-69.087814
147.704195,-68.824745
147.649512,-68.561033
147.593176,-68.299460
147.534593,-68.037199
147.474152,-67.776039
147.411640,-67.515037
147.347082,-67.254322
147.280787,-66.995114
147.212287,-66.735557
147.141989,-66.477216
147.069902,-66.220066
146.995448,-65.962062
146.919262,-65.705448
146.841299,-65.450009
146.761174,-65.194482
146.679312,-64.940233
146.595316,-64.686015
146.509535,-64.432902
146.422024,-64.181017
146.332313,-63.929007
146.241121,-63.678887
146.147510,-63.428080
146.052152,-63.178426
145.955291,-62.930522
145.856116,-62.682282
145.755445,-62.435768
145.652849,-62.189998
145.548053,-61.944382
145.441211,-61.699031
145.332838,-61.455019
145.223108,-61.212653
145.111131,-60.970047
144.997177,-60.727869
144.881454,-60.486307
144.764705,-60.246789
144.645555,-60.006450
144.525697,-59.768786
144.402946,-59.529501
144.279191,-59.292075
144.154440,-59.056377
144.027813,-58.820701
143.899071,-58.584711
143.769518,-58.350837
143.638182,-58.117065
143.505398,-57.883923
143.371597,-57.652127
143.235932,-57.420198
143.099209,-57.189701
142.961063,-56.959802
142.821282,-56.730032
142.680386,-56.501373
142.537407,-56.272047
142.394203,-56.044900
142.248983,-55.817030
142.102939,-55.590306
141.955633,-55.364196
141.806858,-55.138208
141.657755,-54.913949
141.506946,-54.689290
141.355436,-54.465728
141.202628,-54.242527
141.048598,-54.019625
140.893861,-53.797648
140.738050,-53.576019
140.581631,-53.355386
140.424509,-53.135750
140.266055,-52.916055
140.106890,-52.697052
139.946324,-52.477754
139.785571,-52.259806
139.624097,-52.042611
139.461754,-51.825799
139.297839,-51.608329
139.134221,-51.392635
138.969977,-51.177474
138.804555,-50.962267
138.637794,-50.746707
138.469933,-50.531029
138.301315,-50.315590
138.131110,-50.099154
137.959952,-49.882419
137.787272,-49.664578
137.613721,-49.446270
137.438668,-49.226588
137.263185,-49.006741
137.085639,-48.784486
136.907494,-48.561550
136.728802,-48.337958
136.548310,-48.112125
136.367213,-47.885538
136.185254,-47.657876
136.002210,-47.428857
135.816915,-47.197021
135.632138,-46.965833
135.444968,-46.731653
135.257759,-46.497422
135.069495,-46.261872
134.879232,-46.023821
134.688665,-45.785390
134.497105,-45.545716
134.303850,-45.303923
134.109967,-45.061342
133.914880,-44.817256
133.718731,-44.571841
133.521663,-44.325274
133.322658,-44.076287
133.123964,-43.827687
132.922921,-43.576148
132.721394,-43.324003
132.518912,-43.070665
132.315476,-42.816132
132.111202,-42.560551
131.906092,-42.303924
131.700534,-42.046736
131.493840,-41.788127
131.286569,-41.528797
131.077903,-41.267721
130.869263,-41.006676
130.660214,-40.745122
130.450588,-40.482844
130.239874,-40.219205
130.029037,-39.955412
129.818230,-39.691658
129.606398,-39.426621
129.393960,-39.160825
129.181846,-38.895434
128.969515,-38.629773
128.757865,-38.364964
128.544933,-38.098549
128.332106,-37.832267
128.119591,-37.566375
127.906380,-37.299613
127.693416,-37.033159
127.480454,-36.766708
127.267266,-36.499974
127.054622,-36.233920
126.841150,-35.966831
126.628207,-35.700404
126.415726,-35.434554
126.202449,-35.167709
125.989792,-34.901638
125.777150,-34.635588
125.564430,-34.369439
125.352133,-34.103820
125.139520,-33.837806
124.926614,-33.571425
124.714529,-33.306071
124.502166,-33.040369
124.289844,-32.774718
124.077616,-32.509185
123.865424,-32.243697
123.653518,-31.978567
123.440662,-31.712248
123.228645,-31.446980
123.017347,-31.182611
122.805734,-30.917847
122.593478,-30.652279
122.381122,-30.386587
122.168912,-30.121075
121.956880,-29.855788
121.742834,-29.587980
121.530367,-29.322149
121.316379,-29.054414
121.101528,-28.785599
120.886811,-28.516953
120.671300,-28.247311
120.454074,-27.975525
120.236890,-27.703791
120.018557,-27.430620
119.799200,-27.156168
119.578737,-26.880332
119.357141,-26.603078
119.134518,-26.324539
118.910660,-26.044455
118.686191,-25.763607
118.460899,-25.481728
118.233362,-25.197042
118.005269,-24.911659
117.777016,-24.626076
117.547379,-24.338762
117.316314,-24.049660
117.083695,-23.758615
116.850451,-23.466788
116.615860,-23.173275
116.381370,-22.879888
116.145198,-22.584398
115.907906,-22.287505
115.669369,-21.989055
115.429820,-21.689339
115.189306,-21.388416
114.947748,-21.086186
114.705064,-20.782548
114.460905,-20.477064
114.217252,-20.172213
113.972452,-19.865927
113.726681,-19.558426
113.479874,-19.249629
113.232825,-18.940530
112.985185,-18.630691
112.737168,-18.320380
112.488573,-18.009346
112.238557,-17.696534
111.989258,-17.384618
111.738758,-17.071201
111.488495,-16.758079
111.237351,-16.443856
110.985749,-16.129060
110.735080,-15.815432
110.483663,-15.500866
110.232152,-15.186183
109.980604,-14.871455
109.729135,-14.556825
109.476822,-14.241138
109.225063,-13.926146
108.974643,-13.612828
108.723259,-13.298305
108.470817,-12.982458
108.220316,-12.669039
107.969466,-12.355183
107.717776,-12.040277
107.466754,-11.726206
107.215730,-11.412133
106.965214,-11.098695
106.713839,-10.784182
106.463527,-10.471000
106.212478,-10.156897
105.961758,-9.843203
105.711563,-9.530167
105.460527,-9.216079
105.210076,-8.902722
104.959791,-8.589573
104.709394,-8.276285
104.459516,-7.963646
104.208980,-7.650184
103.958673,-7.337007
103.708858,-7.024447
103.458202,-6.710834
103.208194,-6.398032
102.957730,-6.084659
102.707076,-5.771049
102.456811,-5.457926
102.205732,-5.143784
101.956444,-4.831882
101.706475,-4.519129
101.456541,-4.206420
101.206636,-3.893746
100.956726,-3.581068
100.706897,-3.268489
100.457233,-2.956117
100.206797,-2.642780
99.957572,-2.330958
99.708242,-2.019003
99.458161,-1.706110
99.208766,-1.394076
98.959020,-1.081601
98.710530,-0.770699
98.461513,-0.459136
98.212391,-0.147443
97.963375,0.164118
97.714168,0.475918
97.464147,0.788736
97.215484,1.099855
96.967180,1.410525
96.718720,1.721391
96.469731,2.032917
96.221216,2.343851
95.972922,2.654509
95.723250,2.966890
95.475816,3.276472
95.227416,3.587262
94.979204,3.897817
94.731284,4.208006
94.483157,4.518456
94.234540,4.829517
93.987117,5.139085
93.738733,5.449855
93.491122,5.759658
93.243498,6.069478
92.995329,6.379978
92.748073,6.689337
92.500845,6.998661
92.253149,7.308570
92.005474,7.618454
91.757845,7.928279
91.510807,8.237364
91.263890,8.546300
91.016070,8.856364
90.769177,9.165269
90.521836,9.474734
90.274876,9.783722
90.028463,10.092025
89.781040,10.401593
89.534937,10.709509
89.287578,11.018998
89.040885,11.327652
88.794553,11.635855
88.547793,11.944593
88.301976,12.252151
88.055303,12.560780
87.808997,12.868951
87.563098,13.176612
87.316807,13.484763
87.069773,13.793844
86.824215,14.101079
86.578156,14.408939
86.332807,14.715913
86.087060,15.023383
85.841263,15.330917
85.595067,15.638950
85.349394,15.946328
85.104482,16.252754
84.858494,16.560526
84.613459,16.867105
84.367356,17.175022
84.122417,17.481482
83.877455,17.787970
83.631596,18.095581
83.386490,18.402250
83.141433,18.708858
82.896679,19.015087
82.652221,19.320944
82.406969,19.627796
82.162203,19.934039
81.917063,20.240750
81.673148,20.545930
81.428572,20.851935
81.182894,21.159320
80.938934,21.464554
80.694470,21.770419
80.450130,22.076130
80.206462,22.380999
79.961594,22.687371
79.718110,22.992010
79.473293,23.298317
79.230002,23.602715
78.985923,23.908100
78.742008,24.213427
78.498913,24.517750
78.256186,24.821483
78.012690,25.125951
77.769256,25.430050
77.526117,25.733605
77.282741,26.037127
77.040436,26.338827
76.797370,26.640880
76.554367,26.942199
76.310733,27.243753
76.067029,27.544698
75.823523,27.844541
75.579529,28.144026
75.335272,28.442812
75.090731,28.741038
74.845939,29.038518
74.600265,29.335854
74.354972,29.631417
74.108586,29.926928
73.861926,30.221510
73.614506,30.515601
73.366878,30.808385
73.119038,31.099777
72.869996,31.390879
72.620529,31.680892
72.370433,31.969915
72.119226,32.258346
71.867533,32.545368
71.615318,32.830973
71.361110,33.116930
71.108078,33.399539
70.852964,33.682302
70.597419,33.963287
70.340873,34.243069
70.082871,34.522250
69.824715,34.799285
69.565249,35.075280
69.304178,35.350443
69.042548,35.623618
68.779543,35.895771
68.515207,36.166719
68.251237,36.434589
67.984860,36.702123
67.717769,36.967553
67.448473,37.232464
67.179490,37.494253
66.908656,37.754908
66.636348,38.013967
66.363090,38.270885
66.088401,38.526224
65.811461,38.780610
65.534146,39.032177
65.255428,39.281797
64.976006,39.528805
64.694841,39.774235
64.412060,40.017846
64.128190,40.259053
63.842350,40.498526
63.554974,40.735844
63.266519,40.970738
62.976298,41.203654
62.685015,41.433901
62.392051,41.661899
62.097949,41.887182
61.802443,42.110069
61.504658,42.331095
61.205654,42.549341
60.905619,42.764609
60.603719,42.977463
60.300771,43.187429
59.995537,43.395253
59.689823,43.599587
59.380484,43.802453
59.071868,44.000950
58.761513,44.196807
58.448576,44.390429
58.134520,44.580779
57.819202,44.767889
57.502587,44.951749
57.184116,45.132745
56.863196,45.311118
56.543169,45.484951
56.219749,45.656507
55.895090,45.824530
55.567924,45.989792
55.239738,46.151607
54.909828,46.310379
54.578497,46.465943
54.245713,46.618284
53.911166,46.767682
53.573901,46.914626
53.237818,47.057481
52.898092,47.198302
52.559068,47.335241
52.217583,47.469735
51.874677,47.601438
51.530566,47.730314
51.186553,47.855877
50.840357,47.978937
50.493051,48.099231
50.144387,48.216926
49.795407,48.331722
49.445853,48.443708
49.094745,48.553166
48.741803,48.660299
48.389990,48.764298
48.035835,48.866253
47.681961,48.965384
47.326189,49.062280
46.969457,49.156800
46.613786,49.248504
46.255330,49.338437
45.897283,49.425769
45.539674,49.510489
45.179488,49.593439
44.820066,49.673919
44.460137,49.752276
44.098986,49.828653
43.737403,49.902848
43.374708,49.975126
43.011472,50.045450
42.649453,50.113539
42.285922,50.179902
41.921660,50.244360
41.557344,50.306922
41.191642,50.367893
40.827534,50.426828
40.462148,50.484193
40.095497,50.539947
39.729114,50.593982
39.362602,50.646441
38.995779,50.697400
38.628265,50.746899
38.261009,50.794787
37.893271,50.841289
37.525341,50.886447
37.157174,50.930316
36.788729,50.972889
36.420489,51.014090
36.050858,51.054220
35.681186,51.093207
35.311722,51.131074
34.942323,51.167830
34.572860,51.203466
34.202390,51.238197
33.832375,51.271963
33.461704,51.304915
33.092051,51.336894
32.721135,51.368078
32.348966,51.398584
31.978874,51.428220
31.608010,51.457267
31.235431,51.485784
30.865435,51.513421
30.492284,51.540734
30.121984,51.567361
29.750010,51.593678
29.377177,51.619650
29.006335,51.645005
28.634303,51.670053
28.261610,51.694855
27.889954,51.719357
27.517180,51.743739
27.145176,51.767835
26.772641,51.791798
26.399696,51.815688
26.027807,51.839453
25.654832,51.863254
25.282889,51.886971
24.910891,51.910682
24.538165,51.934433
24.166604,51.958108
23.794262,51.981831
23.422730,52.005501
23.051002,52.029184
22.679490,52.052852
22.307371,52.076560
21.936562,52.100183
21.565168,52.123844
21.193915,52.147496
20.822444,52.171162
20.451469,52.194797
20.080421,52.218436
19.710320,52.242014
19.338281,52.265716
18.968982,52.289244
18.597830,52.312889
18.227884,52.336458
17.858118,52.360015
17.487305,52.383639
17.116950,52.407234
16.746803,52.430816
16.377452,52.454347
16.007563,52.477912
15.637423,52.501493
15.267766,52.525043
14.898369,52.548577
14.528817,52.572121
14.160010,52.595617
13.789645,52.619212
13.420413,52.642735
13.051720,52.666224
12.680973,52.689844
12.311556,52.713379
11.941416,52.736960
11.572173,52.760484
11.202970,52.784006
10.832498,52.807608
10.464742,52.831037
10.095673,52.854550
9.726414,52.878075
9.358223,52.901532
8.989218,52.925041
8.620916,52.948505
8.252375,52.971984
7.882596,52.995542
7.514959,53.018964
7.146988,53.042407
6.778494,53.065883
6.410951,53.089299
6.042294,53.112785
5.674592,53.136211
5.307091,53.159624
4.939297,53.183056
4.570896,53.206526
4.203269,53.229947
3.834137,53.253464
3.465055,53.276977
3.096348,53.300467
2.725780,53.324076
2.353458,53.347796
1.981423,53.371498
1.608035,53.395286
1.233852,53.419124
0.858631,53.443029
0.479323,53.467194
0.101244,53.491281
-0.280257,53.515586
-0.661650,53.539884
-1.044819,53.564295
-1.430256,53.588851
-1.818235,53.613569
-2.207773,53.638385
-2.597998,53.663246
-2.990243,53.688235
-3.385021,53.713386
-3.780469,53.738580
-4.178350,53.763928
-4.577113,53.789333
-4.977741,53.814856
-5.380396,53.840509
-5.782871,53.866150
-6.188701,53.892005
-6.593466,53.917792
-7.001303,53.943775
-7.409460,53.969778
-7.819897,53.995926
-8.228502,54.021958
-8.640190,54.048186
-9.053312,54.074505
-9.465950,54.100794
-9.879189,54.127121
-10.292292,54.153439
-10.705968,54.179794
-11.122074,54.206303
-11.536625,54.232714
-11.953816,54.259292
-12.368497,54.285711
-12.783915,54.312177
-13.199693,54.338665
-13.615657,54.365166
-14.032559,54.391726
-14.449011,54.418258
-14.863314,54.444652
-15.278516,54.471104
-15.694898,54.497631
-16.110985,54.524140
-16.526251,54.550596
-16.940237,54.576970
-17.354666,54.603373
-17.770723,54.629879
-18.184162,54.656219
-18.599871,54.682703
-19.013907,54.709081
-19.428774,54.735511
-19.842571,54.761874
-20.256888,54.788269
-20.670403,54.814614
-21.084970,54.841025
-21.498458,54.867368
-21.912279,54.893732
-22.326545,54.920124
-22.740048,54.946468
-23.152558,54.972748
-23.565636,54.999065
-23.979026,55.025364
-24.394358,55.051707
-24.806428,55.077877
-25.220830,55.104313
-25.634537,55.130878
-26.048613,55.157638
-26.462978,55.184570
-26.876561,55.211732
-27.290852,55.239313
-27.706060,55.267389
-28.118954,55.295778
-28.532912,55.324642
-28.948854,55.354141
-29.362106,55.384049
-29.777205,55.414765
-30.190292,55.446052
-30.605218,55.478137
-31.021175,55.511060
-31.434861,55.544667
-31.850432,55.579368
-32.263651,55.614856
-32.679056,55.651459
-33.094331,55.689077
-33.508018,55.727681
-33.923676,55.767676
-34.337575,55.808758
-34.751017,55.850983
-35.166826,55.894744
-35.580888,55.939724
-35.995836,55.986276
-36.409064,56.034156
-36.823764,56.083670
-37.238617,56.134770
-37.652451,56.187416
-38.065835,56.241747
-38.479405,56.297896
-38.894799,56.356038
-39.308412,56.415772
-39.721050,56.477307
-40.133749,56.540866
-40.546395,56.606484
-40.959813,56.674242
-41.371636,56.743848
-41.784153,56.815794
-42.196719,56.890052
-42.607149,56.966270
-43.019311,57.045105
-43.429498,57.125953
-43.840115,57.209387
-44.250702,57.295403
-44.659540,57.383681
-45.069185,57.474712
-45.477690,57.568170
-45.885946,57.664364
-46.294671,57.763551
-46.700223,57.864887
-47.107230,57.969455
-47.513906,58.076925
-47.917859,58.186761
-48.322857,58.300052
-48.725276,58.415841
-49.129532,58.535341
-49.531724,58.657525
-49.932351,58.782629
-50.333724,58.911460
-50.732189,59.042899
-51.130009,59.177609
-51.528050,59.316003
-51.923787,59.457322
-52.320270,59.602735
-52.713357,59.750779
-53.105621,59.902331
-53.497712,60.057766
-53.886973,60.216145
-54.276347,60.378736
-54.663754,60.544743
-55.050256,60.714561
-55.434699,60.887791
-55.817039,61.064511
-56.198112,61.245185
-56.577410,61.429630
-56.955429,61.618069
-57.331031,61.810011
-57.705237,62.006059
-58.076434,62.205419
-58.446467,62.409111
-58.813861,62.616358
-59.178990,62.827371
-59.541418,63.041897
-59.901941,63.260405
-60.259422,63.482205
-60.615848,63.708537
-60.969079,63.938060
-61.318760,64.170503
-61.667728,64.407754
-62.012826,64.647687
-62.356149,64.891737
-62.697111,65.139513
-63.033607,65.389451
-63.368304,65.643500
-63.700401,65.901075
-64.030787,66.162889
-64.357225,66.427174
-64.679855,66.693984
-65.001006,66.965244
-65.318772,67.239371
-65.633049,67.516247
-65.945376,67.797229
-66.253791,68.080560
-66.559909,68.367708
-66.861779,68.656834
-67.161704,68.950129
-67.459282,69.247258
-67.751499,69.545177
-68.041498,69.847081
-68.328180,70.151907
-68.611134,70.459036
-68.890419,70.768382
-69.166947,71.080868
-69.440165,71.395880
-69.709438,71.712676
-69.976254,72.032808
-70.239450,72.354755
-70.499986,72.679595
-70.756335,73.005403
-71.009499,73.333423
-71.260432,73.664707
-71.507052,73.996359
-71.751070,74.330536
-71.992797,74.667698
-72.230276,75.005126
-72.465051,75.344746
-72.697337,75.686736
-72.925985,76.029295
-73.152356,76.374440
-73.374740,76.719571
-73.594784,77.066974
-73.813112,77.417524
-74.027086,77.766869
-74.239249,78.119107
-74.447623,78.470980
-74.654780,78.826578
-74.858467,79.181895
-75.059008,79.537315
-75.257283,79.894368
-75.453135,80.252814
-75.646717,80.612680
-75.837545,80.972871
-76.026111,81.334180
-76.212485,81.696743
-76.396280,82.059831
-76.577817,82.423783
-76.757192,82.788597
-76.934630,83.154604
-77.109404,83.520290
-77.282386,83.887500
-77.453020,84.254752
-77.621732,84.622749
-77.788551,84.991412
-77.953182,85.360083
-78.116514,85.730792
-78.277114,86.099969
-78.436101,86.469926
-78.593645,86.840932
-78.749561,87.212559
-78.903953,87.585106
-79.056060,87.956386
-79.206896,88.328619
-79.356102,88.700777
-79.504227,89.074232
-79.650141,89.446170
-79.795481,89.820405
-79.939135,90.193861
-80.081361,90.567026
-80.222568,90.940976
-80.362149,91.314142
-80.501206,91.689114
-80.638589,92.062547
-80.775253,92.436860
-80.911166,92.811986
-81.045143,93.184691
-81.179175,93.560126
-81.311808,93.933985
-81.443645,94.307778
-81.574826,94.681917
-81.705302,95.056317
-81.834772,95.429723
-81.964015,95.804122
-82.092360,96.177404
-82.220154,96.550581
-82.347469,96.923920
-82.474490,97.297573
-82.601122,97.671000
-82.727213,98.043584
-82.853140,98.416407
-82.978614,98.788630
-83.104309,99.161982
-83.229709,99.534746
-83.355280,99.908187
-83.480420,100.280450
-83.605685,100.653141
-83.731095,101.026295
-83.856224,101.398632
-83.981345,101.770953
-84.106476,102.143311
-84.231705,102.515963
-84.356763,102.888107
-84.481660,103.259773
-84.606589,103.631534
-84.732036,104.004834
-84.856568,104.375414
-84.981542,104.747311
-85.106619,105.119511
-85.231042,105.489768
-85.356231,105.862301
-85.480642,106.232522
-85.605310,106.603504
-85.730397,106.975735
-85.854617,107.345390
-85.979509,107.717039
-86.104005,108.087511
-86.228939,108.459287
-86.353779,108.830783
-86.478652,109.202380
-86.603938,109.575202
-86.729328,109.948336
-86.854754,110.321574
-86.981066,110.697450
-87.106928,111.071988
-87.233935,111.449933
-87.360575,111.826786
-87.487996,112.205962
-87.615973,112.586795
-87.744180,112.968310
-87.873286,113.352501
-88.002852,113.738060
-88.132912,114.125091
-88.263076,114.512431
-88.393235,114.899753
-88.524144,115.289309
-88.655669,115.680699
-88.787600,116.073298
-88.918968,116.464220
-89.051339,116.858125
-89.183465,117.251305
-89.316103,117.646005
-89.449254,118.042233
-89.581724,118.436730
-89.714554,118.832355
-89.847475,119.228004
-89.980674,119.624016
-90.114397,120.020983
-90.247938,120.416826
-90.381774,120.813047
-90.515704,121.208654
-90.649599,121.602992
-90.784617,121.999282
-90.919941,122.395107
-91.054680,122.787933
-91.190095,123.181053
-91.326897,123.576229
-91.463503,123.968693
-91.600227,124.359368
-91.737999,124.750984
-91.876321,125.141834
-92.015403,125.532379
-92.155093,125.921667
-92.296041,126.311152
-92.437448,126.698391
-92.580139,127.085624
-92.723833,127.472128
-92.868584,127.857661
-93.014954,128.243453
-93.161917,128.626628
-93.310355,129.009515
-93.460409,129.392525
-93.611791,129.774550
-93.764322,130.154905
-93.918314,130.534233
-94.074036,130.913193
-94.231244,131.291246
-94.389578,131.667208
-94.549879,132.042860
-94.711934,132.417539
-94.875795,132.791267
-95.041480,133.164273
-95.208910,133.536156
-95.377379,133.905125
-95.548280,134.274084
-95.721733,134.643134
-95.895864,135.008470
-96.072395,135.373539
-96.251367,135.738140
-96.431650,136.099820
-96.614936,136.461875
-96.799345,136.820749
-96.986535,137.179490
-97.175500,137.535920
-97.366709,137.890798
-97.560904,138.245382
-97.756197,138.596385
-97.954217,138.946590
-98.154926,139.295680
-98.357506,139.642096
-98.563496,139.988373
-98.770299,140.330305
-98.980373,140.671824
-99.192718,141.011073
-99.408170,141.349247
-99.625735,141.684695
-99.846160,142.018723
-100.068329,142.349486
-100.293469,142.678648
-100.521414,143.005823
-100.752000,143.330698
-100.985928,143.654373
-101.221258,143.974022
-101.459685,144.291811
-101.700645,144.606868
-101.944748,144.919917
-102.191728,145.230727
-102.440429,145.537720
-102.692550,145.842854
-102.947734,146.145554
-103.205403,146.445071
-103.465784,146.741807
-103.729238,147.036034
-103.994739,147.326460
-104.263540,147.614375
-104.535748,147.899797
-104.809650,148.181059
-105.087276,148.460137
-105.367712,148.735925
-105.649370,149.006815
-105.935406,149.275807
-106.223451,149.540747
-106.514770,149.802697
-106.808513,150.060742
-107.104714,150.314846
-107.405287,150.566571
-107.707271,150.813525
-108.011839,151.056600
-108.318444,151.295248
-108.628046,151.530151
-108.941065,151.761550
-109.256147,151.988538
-109.573801,152.211394
-109.895299,152.430857
-110.217099,152.644440
-110.543893,152.855232
-110.870268,153.059828
-111.200825,153.261065
-111.534126,153.457884
-111.868539,153.649264
-112.205623,153.836088
-112.545158,154.018321
-112.888436,154.196521
-113.232326,154.368933
-113.577295,154.535794
-113.925234,154.697991
-114.275474,154.855280
-114.629059,155.007997
-114.981943,155.154299
-115.339172,155.296235
-115.695069,155.431503
-116.055287,155.562390
-116.417182,155.687764
-116.779641,155.807155
-117.142259,155.920423
-117.507464,156.028305
-117.874870,156.130732
-118.243174,156.227237
-118.611798,156.317592
-118.982177,156.402099
-119.353631,156.480547
-119.725913,156.552981
-120.098735,156.619268
-120.473262,156.679503
-120.846929,156.733214
-121.222037,156.780726
-121.597541,156.821977
-121.973901,156.856923
-122.349519,156.885323
-122.725262,156.907211
-123.101880,156.922580
-123.477350,156.931441
-123.852558,156.933767
-124.229784,156.929423
-124.603952,156.918393
-124.978607,156.900599
-125.352824,156.876145
-125.724851,156.845087
-126.096810,156.807174
-126.467931,156.762393
-126.837940,156.710733
-127.206110,156.652409
-127.573691,156.587135
-127.939111,156.515076
-128.302817,156.436103
-128.664106,156.350349
-129.023840,156.257722
-129.381695,156.158199
-129.736654,156.051969
-130.089671,155.938692
-130.439964,155.818573
-130.787544,155.691721
-131.132081,155.558175
-131.473751,155.417765
-131.812056,155.270507
-132.148246,155.115878
-132.480887,154.954588
-132.810088,154.786659
-133.137147,154.611429
-133.458245,154.430854
-133.778385,154.242247
-134.093569,154.048002
-134.403972,153.848182
-134.711212,153.641817
-135.014140,153.429544
-135.313863,153.210679
-135.608552,152.986677
-135.899628,152.756565
-136.185956,152.521275
-136.467532,152.280731
-136.745473,152.034078
-137.018356,151.782695
-137.286680,151.526242
-137.550428,151.264789
-137.808792,150.999032
-138.062906,150.727950
-138.312589,150.451836
-138.556653,150.172115
-138.796003,149.887856
-139.030318,149.599291
-139.259395,149.306826
-139.484723,149.008677
-139.703712,148.708355
-139.917833,148.404006
-140.126528,148.096271
-140.330145,147.784815
-140.529078,147.469190
-140.722929,147.150097
-140.910756,146.829223
-141.094102,146.503790
-141.271612,146.176344
-141.444387,145.845107
-141.611841,145.511294
-141.773622,145.175762
-141.930667,144.836375
-142.082143,144.495096
-142.228330,144.151610
-142.369516,143.805406
-142.505358,143.457419
-142.635867,143.107424
-142.761467,142.754507
-142.881468,142.400924
-142.996772,142.044256
-143.106745,141.686524
-143.211318,141.327764
-143.311348,140.965294
-143.405593,140.603979
-143.495097,140.240280
-143.579738,139.874713
-143.659022,139.509065
-143.733650,139.140547
-143.802947,138.772990
-143.867561,138.403493
-143.927492,138.032057
-143.982182,137.661685
-144.032109,137.290021
-144.077489,136.915963
-144.117943,136.543112
-144.153839,136.168707
-144.184905,135.794642
-144.211320,135.420111
-144.233274,135.043571
-144.250624,134.668520
-144.263564,134.292148
-144.271938,133.916238
-144.275872,133.539771
-144.275462,133.163605
-144.270770,132.786653
-144.261848,132.410241
-144.248572,132.032761
-144.231156,131.657397
-144.209435,131.280280
-144.183626,130.903236
-144.153882,130.526458
-144.120258,130.149551
-144.082921,129.773749
-144.041720,129.398108
-143.996598,129.021396
-143.948109,128.647311
-143.895900,128.272400
-143.840100,127.897483
-143.780912,127.524385
-143.718080,127.150815
-143.651748,126.777134
-143.582306,126.405133
-143.509438,126.032850
-143.433399,125.662006
-143.354103,125.291650
-143.271306,124.920234
-143.185971,124.551768
-143.097144,124.181901
-143.005275,123.812945
-142.910975,123.446853
-142.813103,123.078766
-142.712873,122.713059
-142.609479,122.346607
-142.503445,121.981588
-142.394815,121.617772
-142.283541,121.254605
-142.169578,120.891729
-142.053023,120.529345
-141.933563,120.166763
-141.811923,119.805890
-141.688453,119.447359
-141.561985,119.087563
-141.433680,118.729725
-141.302684,118.371491
-141.169243,118.013671
-141.034182,117.658092
-140.896693,117.302366
-140.757325,116.947790
-140.615731,116.593500
-140.471831,116.239390
-140.326328,115.886844
-140.178689,115.534346
-140.029243,115.182558
-139.878671,114.833074
-139.725431,114.482374
-139.570902,114.133323
-139.414538,113.784464
-139.256440,113.435913
-139.097296,113.089193
-138.935778,112.741464
-138.773124,112.395115
-138.609281,112.049814
-138.443695,111.704274
-138.276967,111.359777
-138.108700,111.015545
-137.939161,110.671846
-137.768767,110.329328
-137.597081,109.986987
-137.424150,109.644943
-137.249948,109.303195
-137.074311,108.961153
-136.898489,108.621068
-136.721154,108.280245
-136.543165,107.940359
-136.364311,107.601051
-136.184106,107.261128
-136.003676,106.922542
-135.822426,106.584058
-135.639744,106.244557
-135.456841,105.906342
-135.273289,105.568344
-135.089159,105.230520
-134.905354,104.894416
-134.720303,104.557168
-134.533894,104.218632
-134.348373,103.882698
-134.161569,103.545339
-133.974666,103.208353
-133.787136,102.870572
-133.599025,102.531939
-133.411552,102.194642
-133.223805,101.857072
-133.036047,101.519435
-132.849102,101.183043
-132.660835,100.843943
-132.474185,100.507442
-132.286698,100.169156
-132.098665,99.829346
-131.911667,99.490698
-131.725034,99.151899
-131.538716,98.812868
-131.353203,98.474616
-131.166747,98.133767
-130.980597,97.792184
-130.795563,97.451088
-130.611212,97.109523
-130.428292,96.768860
-130.244495,96.424813
-130.062749,96.082576
-129.881548,95.739149
-129.700480,95.393619
-129.521995,95.050681
-129.342870,94.704191
-129.165196,94.357891
-128.989147,94.011961
-128.813937,93.664755
-128.639988,93.317114
-128.466716,92.967901
-128.294602,92.617785
-128.123827,92.266950
-127.955254,91.917074
-127.786769,91.563692
-127.620390,91.211170
-127.455443,90.857894
-127.292006,90.503795
-127.130798,90.150303
-126.970600,89.794658
-126.811935,89.438150
-126.654677,89.080255
-126.499431,88.722090
-126.346141,88.363387
-126.194684,88.003766
-126.044852,87.642886
-125.897167,87.281759
-125.750802,86.918084
-125.606913,86.554529
-125.465435,86.190876
-125.325498,85.825055
-125.188052,85.459267
-125.052352,85.091240
-124.919436,84.723596
-124.788959,84.355315
-124.660301,83.984809
-124.534514,83.614808
-124.410704,83.242378
-124.289418,82.869010
-124.170873,82.495371
-124.054408,82.118910
-123.941544,81.744250
-123.830949,81.366852
-123.722872,80.987465
-123.617968,80.608407
-123.515810,80.227687
-123.417097,79.847614
-123.321067,79.465068
-123.228269,79.082031
-123.138665,78.698665
-123.052138,78.314078
-122.968933,77.928892
-122.888873,77.541960
-122.812563,77.156033
-122.739566,76.769355
-122.669789,76.380859
-122.603294,75.990114
-122.540719,75.600471
-122.482078,75.212094
-122.426632,74.820487
-122.374975,74.428926
-122.327113,74.036758
-122.283126,73.644121
-122.243039,73.251179
-122.206721,72.856617
-122.174215,72.460023
-122.145962,72.065223
-122.121638,71.666122
-122.101737,71.266952
-122.086325,70.867328
-122.075451,70.464702
-122.069393,70.060944
-122.068314,69.654950
-122.072426,69.246092
-122.081918,68.837968
-122.097100,68.425476
-122.118090,68.012264
-122.145189,67.597090
-122.178641,67.179818
-122.218680,66.760548
-122.265710,66.338360
-122.319619,65.916527
-122.380992,65.492218
-122.450181,65.065508
-122.526961,64.639458
-122.612302,64.210198
-122.705802,63.781593
-122.807552,63.354166
-122.918925,62.923645
-123.038955,62.495186
-123.168193,62.067471
-123.307414,61.638772
-123.455553,61.212969
-123.613191,60.788628
-123.780457,60.365777
-123.957348,59.944761
-124.144203,59.525123
-124.339606,59.110282
-124.545165,58.696971
-124.759768,58.287710
-124.984224,57.881120
-125.217539,57.479175
-125.459436,57.082412
-125.711463,56.688461
-125.971980,56.300095
-126.241954,55.915955
-126.519942,55.538178
-126.807178,55.165170
-127.101796,54.799431
-127.405937,54.438350
-127.718195,54.083747
-128.037574,53.736733
-128.366434,53.394838
-128.700938,53.062118
-129.043244,52.736327
-129.394372,52.416618
-129.751140,52.105934
-130.112985,51.804625
-130.483870,51.509452
-130.859129,51.224235
-131.241040,50.947009
-131.629246,50.677981
-132.021914,50.418319
-132.421556,50.166337
-132.823614,49.924879
-133.232939,49.690820
-133.645093,49.466631
-134.061627,49.251289
-134.482847,49.044619
-134.908052,48.846974
-135.336528,48.658514
-135.769944,48.478411
-136.203898,48.308382
-136.643761,48.146261
-137.085383,47.993641
-137.528599,47.850353
-137.975182,47.715693
-138.423869,47.589986
-138.874895,47.473105
-139.327298,47.365326
-139.782321,47.266250
-140.238639,47.176066
-140.695809,47.094749
-141.155460,47.021956
-141.612333,46.958497
-142.073440,46.903247
-142.532907,46.856842
-142.995777,46.818676
-143.455728,46.789220
-143.917903,46.768114
-144.378732,46.755450
-144.840254,46.751024
-145.302631,46.754795
-145.763258,46.766679
-146.220991,46.786584
-146.681318,46.814643
-147.138224,46.850411
-147.596564,46.894152
-148.052567,46.945484
-148.506137,47.004362
-148.960794,47.071153
-149.411684,47.145043
-149.861232,47.226275
-150.311956,47.315303
-150.756768,47.410755
-151.202325,47.513884
-151.644333,47.623618
-152.084425,47.740226
-152.524216,47.864112
-152.959574,47.994153
-153.393197,48.130994
-153.824300,48.274277
-154.253216,48.424021
-154.679894,48.580155
-155.102318,48.741952
-155.522834,48.910168
-155.941617,49.084790
-156.355691,49.264558
-156.767153,49.450187
-157.176601,49.641817
-157.581029,49.837913
-157.985162,50.040679
-158.384580,50.247978
-158.779961,50.459968
-159.174278,50.678123
-159.564809,50.900881
-159.951313,51.127994
-160.335361,51.360417
-160.714771,51.596702
-161.091732,51.838047
-161.466584,52.084617
-161.836610,52.334549
-162.203915,52.589279
-162.568339,52.848602
-162.927634,53.110744
-163.285829,53.378535
-163.639558,53.649425
-163.989816,53.924189
-164.336370,54.202504
-164.678880,54.483922
-165.018847,54.769559
-165.356579,55.059649
-165.689514,55.351982
-166.018889,55.647603
-166.345815,55.947348
-166.668935,56.249864
-166.988945,56.555692
-167.304997,56.863997
-167.617357,57.175011
-167.927279,57.489805
-168.232955,57.806407
-168.536539,58.126944
-168.835922,58.449257
-169.132519,58.774693
-169.425002,59.101613
-169.714820,59.431485
-170.002005,59.764287
-170.286147,60.099632
-170.565232,60.434942
-170.842686,60.774120
-171.116657,61.114810
-171.387788,61.457705
-171.656244,61.803106
-171.920722,62.149159
-172.183705,62.498925
-172.442900,62.849243
-172.698314,63.199967
-172.951908,63.553863
-173.201974,63.908398
-173.450158,64.265702
-173.695643,64.624486
-173.937473,64.983225
-174.177859,65.345281
-174.414259,65.706661
-174.649074,66.070795
-174.881941,66.437024
-175.111603,66.803265
-175.337760,67.169077
-175.562070,67.536930
-175.784759,67.907017
-176.004554,68.277076
-176.222751,68.649175
-176.438094,69.021279
-176.651637,69.395003
-176.862030,69.767742
-177.071730,70.143680
-177.278595,70.518896
-177.483242,70.894581
-177.686474,71.272012
-177.887604,71.649690
-178.086384,72.026955
-178.284462,72.406830
-178.479750,72.785438
-178.673792,73.165535
-178.866066,73.545868
-179.056255,73.925616
-179.245685,74.307309
-179.433606,74.689584
-179.619043,75.070216
-179.804227,75.453526
-179.987292,75.835483
-180.169290,76.218146
-180.350021,76.601230
-180.529295,76.984103
-180.707526,77.367383
-180.884783,77.751036
-181.061196,78.135226
-181.236848,78.520282
-181.410619,78.903507
-181.583590,79.287002
-181.756140,79.671421
-181.927568,80.055083
-182.098012,80.438524
-182.268253,80.823374
-182.437099,81.206386
-182.606077,81.590624
-182.774005,81.973135
-182.944649,82.362429
-183.110330,82.740982
-183.277506,83.123178
-183.444747,83.505509
-183.612058,83.887824
-183.779396,84.270011
-183.946683,84.651935
-184.113725,85.032828
-184.281225,85.414067
-184.449071,85.795236
-184.616901,86.175419
-184.784801,86.554988
-184.952477,86.933060
-185.120852,87.311456
-185.290387,87.691018
-185.459332,88.067718
-185.629529,88.445825
-185.799314,88.821414
-185.969774,89.196641
-186.141103,89.571747
-186.313277,89.946647
-186.485988,90.320707
-186.659204,90.693634
-186.833711,91.067097
-187.008708,91.439074
-187.184628,91.810028
-187.363005,92.182907
-187.541240,92.551982
-187.721702,92.921763
-187.903766,93.290611
-188.088490,93.660309
-188.274535,94.027710
-188.463598,94.395816
-188.655134,94.763176
-188.849181,95.129404
-189.047159,95.496786
-189.247891,95.862521
-189.452071,96.227492
-189.659868,96.591711
-189.872218,96.956675
-190.088072,97.320474
-190.307237,97.682455
-190.530038,98.042932
-190.757498,98.403346
-190.988277,98.761508
-191.222853,99.118179
-191.461830,99.473950
-191.703739,99.826419
-191.950594,100.178375
-192.200586,100.527184
-192.454662,100.874200
-192.712259,101.218384
-192.974001,101.560378
-193.239775,101.899877
-193.509852,102.237128
-193.783270,102.570846
-194.061557,102.902835
-194.341696,103.229472
-194.626836,103.554457
-194.916729,103.877418
-195.208303,104.194926
-195.503694,104.509367
-195.802899,104.820711
-196.105711,105.128723
-196.412773,105.434029
-196.721744,105.734310
-197.034231,106.031186
-197.350082,106.324505
-197.670481,106.615334
-197.991844,106.900432
-198.317982,107.183226
-198.646245,107.461388
-198.978098,107.736184
-199.313247,108.007351
-199.650580,108.274003
-199.991651,108.537380
-200.335163,108.796467
-200.681017,109.051219
-201.031361,109.303200
-201.381924,109.549344
-201.737032,109.792730
-202.094142,110.031578
-202.453456,110.266051
-202.815772,110.496678
-203.180430,110.723032
-203.547509,110.945171
-203.918659,111.164067
-204.288676,111.376674
-204.664792,111.587174
-205.040291,111.791766
-205.418945,111.992566
-205.799800,112.189045
-206.182862,112.381209
-206.567270,112.568638
-206.954111,112.751876
-207.342516,112.930510
-207.734213,113.105326
-208.125897,113.274849
-208.520301,113.440294
-208.916869,113.601404
-209.316358,113.758459
-209.714212,113.909697
-210.115647,114.057147
-210.518024,114.199808
-210.922000,114.337927
-211.328587,114.471833
-211.735293,114.600703
-212.142754,114.724778
-212.552148,114.844421
-212.962203,114.959260
-213.373952,115.069590
-213.786297,115.175118
-214.200223,115.276102
-214.616142,115.372619
-215.030980,115.463971
-215.448896,115.551086
-215.866304,115.633195
-216.283771,115.710452
-216.703889,115.783326
-217.122969,115.851167
-217.543341,115.914382
-217.964950,115.972942
-218.385447,116.026535
-218.808270,116.075608
-219.230687,116.119823
-219.652722,116.159211
-220.076464,116.193968
-220.498557,116.223819
-220.922482,116.249029
-221.346553,116.269469
-221.769064,116.285083
-222.193845,116.296018
-222.616540,116.302150
-223.040627,116.303553
-223.464056,116.300202
-223.887264,116.292109
-224.311238,116.279246
-224.733801,116.261677
-225.155593,116.239408
-225.577164,116.212420
-226.000403,116.180563
-226.419899,116.144250
-226.840518,116.103106
-227.260431,116.057282
-227.680874,116.006631
-228.099410,115.951443
-228.517269,115.891584
-228.933145,115.827258
-229.349786,115.758046
-229.765152,115.684261
-230.179381,115.605893
-230.593275,115.522788
-231.004430,115.435441
-231.416469,115.343093
-231.825514,115.246601
-232.235237,115.145114
-232.642764,115.039320
-233.047799,114.929337
-233.453640,114.814267
-233.855804,114.695371
-234.258896,114.571304
-234.659083,114.443219
-235.056967,114.310969
-235.455728,114.173478
-235.851285,114.032126
-236.243330,113.887091
-236.635673,113.736973
-237.025765,113.582713
-237.415208,113.423673
-237.801711,113.260782
-238.185550,113.093917
-238.569421,112.921832
-238.949663,112.746282
-239.329350,112.565964
-239.707313,112.381465
-240.081887,112.193619
-240.456464,112.000691
-240.827176,111.804812
-241.197301,111.604381
-241.564832,111.400539
-241.931007,111.192609
-242.294247,110.981454
-242.656627,110.766030
-243.015469,110.548040
-243.373421,110.325970
-243.730252,110.099930
-244.082469,109.872120
-244.434247,109.640037
-244.784950,109.404165
-245.131532,109.166648
-245.477999,108.924760
-245.820934,108.680838
-246.162717,108.433377
-246.502823,108.182851
-246.840091,107.930207
-247.176726,107.673796
-247.510518,107.415254
-247.841766,107.154549
-248.172759,106.889991
-248.499756,106.624651
-248.826810,106.355260
-249.150647,106.084464
-249.472791,105.811188
-249.794381,105.534570
-250.113217,105.256581
-250.429690,104.976910
-250.745462,104.694056
-251.058299,104.410192
-251.371087,104.122831
-251.680980,103.834664
-251.988993,103.544777
-252.295392,103.252895
-252.600719,102.958676
-252.904720,102.662484
-253.207385,102.364416
-253.507179,102.066005
-253.807466,101.763868
-254.103838,101.462624
-254.400094,101.158578
-254.695200,100.852858
-254.989377,100.545236
-255.280477,100.237939
-255.572723,99.926704
-255.861206,99.616890
-256.149474,99.304809
-256.437849,98.990094
-256.722630,98.676756
-257.007635,98.360819
-257.291583,98.043824
-257.574865,97.725430
-257.857436,97.405749
-258.137308,97.086933
-258.417359,96.765855
-258.696762,96.443614
-258.974569,96.121427
-259.251824,95.798169
-259.528892,95.473311
-259.803931,95.149161
-260.079940,94.822362
-260.353924,94.496577
-260.628794,94.168430
-260.900805,93.842296
-261.173659,93.513901
-261.445861,93.185207
-261.718526,92.854992
-261.989203,92.526309
-262.260614,92.195762
-262.531095,91.865522
-262.802025,91.534087
-263.072539,91.202638
-263.342261,90.871720
-263.612352,90.539867
-263.881601,90.208678
-264.151712,89.876183
-264.421087,89.544438
-264.690579,89.212450
-264.959959,88.880542
-265.229361,88.548571
-265.498255,88.217205
-265.767690,87.885160
-266.037271,87.552929
-266.305800,87.221991
-266.574412,86.890949
-266.843621,86.559170
-267.112811,86.227414
-267.381434,85.896356
-267.649611,85.565848
-267.918237,85.234787
-268.186604,84.904044
-268.454650,84.573698
-268.724267,84.241415
-268.991611,83.911934
-269.259788,83.581426
-269.528347,83.250448
-269.795979,82.920611
-270.064316,82.589907
-270.332267,82.259678
-270.599641,81.930159
-270.867907,81.599541
-271.135262,81.270048
-271.403376,80.939616
-271.670647,80.610226
-271.937418,80.281451
-272.205303,79.951303
-272.472242,79.622321
-272.739678,79.292726
-273.007569,78.962571
-273.274206,78.633960
-273.542368,78.303472
-273.809888,77.973773
-274.076902,77.644698
-274.344176,77.315304
-274.611419,76.985947
-274.878654,76.656601
-275.146437,76.326578
-275.413250,75.997751
-275.680341,75.668581
-275.946988,75.339959
-276.213929,75.010975
-276.480902,74.681951
-276.748179,74.352553
-277.014299,74.024580
-277.280910,73.696002
-277.547392,73.367583
-277.813792,73.039265
-278.080638,72.710397
-278.346254,72.383047
-278.612867,72.054467
-278.878878,71.726628
-279.144969,71.398690
-279.411404,71.070329
-279.677358,70.742561
-279.942445,70.415862
-280.209491,70.086748
-280.474102,69.760635
-280.740453,69.432377
-281.006048,69.105052
-281.270859,68.778692
-281.536919,68.450794
-281.801584,68.124614
-282.067553,67.796827
-282.333419,67.469168
-282.597247,67.144020
-282.863699,66.815638
-283.127413,66.490630
-283.392774,66.163593
-283.658334,65.836310
-283.921948,65.511426
-284.187839,65.183736
-284.451317,64.859019
-284.716209,64.532560
-284.980507,64.206833
-285.244953,63.880923
-285.509247,63.555201
-285.773475,63.229560
-286.038715,62.902671
-286.302876,62.577113
-286.565974,62.252865
-286.830008,61.927462
-287.094610,61.601361
-287.358812,61.275751
-287.621639,60.951838
-287.886026,60.626001
-288.149446,60.301355
-288.412914,59.976651
-288.676905,59.651302
-288.939860,59.327230
-289.203718,59.002045
-289.467024,58.677541
-289.729776,58.353719
-289.992933,58.029397
-290.256064,57.705109
-290.519054,57.380993
-290.782293,57.056571
-291.044815,56.733032
-291.307536,56.409248
-291.571179,56.084329
-291.833032,55.761615
-292.096585,55.436806
-292.358628,55.113858
-292.620941,54.790577
-292.882683,54.468000
-293.145033,54.144673
-293.407909,53.820699
-293.669982,53.497713
-293.931429,53.175500
-294.193508,52.852507
-294.455813,52.529237
-294.717953,52.206169
-294.980209,51.882958
-295.241939,51.560395
-295.503596,51.237924
-295.765200,50.915516
-296.025552,50.594652
-296.287723,50.271695
-296.548614,49.950345
-296.809338,49.629077
-297.069656,49.308076
-297.329529,48.987322
-297.590257,48.665313
-297.849009,48.345397
-298.107910,48.024781
-298.366494,47.703919
-298.624498,47.383062
-298.881968,47.062256
-299.139001,46.741232
-299.395164,46.420356
-299.650529,46.099483
-299.905282,45.778375
-300.159038,45.457287
-300.412057,45.135728
-300.664262,44.813689
-300.915500,44.491361
-301.165564,44.169045
-301.414591,43.846355
-301.662748,43.522926
-301.910695,43.197791
-302.155889,42.874288
-302.401149,42.548752
-302.644536,42.223529
-302.886559,41.897806
-303.126401,41.572594
-303.366002,41.245272
-303.603969,40.917766
-303.841459,40.588260
-304.075454,40.260802
-304.309069,39.930956
-304.541184,39.600217
-304.771909,39.268559
-305.000918,38.936296
-305.227406,38.604432
-305.452724,38.270875
-305.676245,37.936457
-305.897787,37.601591
-306.118403,37.264508
-306.335946,36.928290
-306.552330,36.589869
-306.765922,36.251712
-306.977952,35.912021
-307.187819,35.571582
-307.395707,35.229891
-307.601047,34.887754
-307.803983,34.544865
-308.005957,34.198905
-308.204592,33.853744
-308.400117,33.508845
-308.594160,33.161197
-308.785536,32.812795
-308.974461,32.463415
-309.160520,32.113647
-309.344774,31.761260
-309.525700,31.409000
-309.703906,31.055625
-309.879708,30.700669
-310.052085,30.346003
-310.222660,29.988040
-310.389614,29.630393
-310.552993,29.272954
-310.714530,28.912103
-310.871813,28.552996
-311.027188,28.190043
-311.178781,27.827382
-311.326695,27.464743
-311.472006,27.099706
-311.613771,26.734353
-311.752015,26.368383
-311.887248,26.000229
-312.018410,25.632656
-312.146765,25.262380
-312.271225,24.892212
-312.391825,24.521806
-312.508857,24.150071
-312.622270,23.776993
-312.731847,23.403560
-312.837832,23.028620
-312.939524,22.654296
-313.037626,22.277779
-313.131406,21.901679
-313.221353,21.524443
-313.307314,21.146280
-313.389126,20.767413
-313.466250,20.390180
-313.539539,20.010281
-313.608509,19.630501
-313.673482,19.248513
-313.733763,18.867719
-313.789312,18.488336
-313.840884,18.104828
-313.887543,17.724595
-313.929892,17.342425
-313.967685,16.959174
-314.000513,16.578561
-314.028842,16.194954
-314.052349,15.813499
-314.071173,15.431046
-314.085169,15.047710
-314.094156,14.667414
-314.098245,14.285271
-314.097454,13.902808
-314.091699,13.521561
-314.080895,13.140919
-314.064981,12.760759
-314.043940,12.381431
-314.017834,12.002387
-313.986613,11.624195
-313.950151,11.246562
-313.908298,10.868793
-313.861328,10.493644
-313.809137,10.119229
-313.751505,9.744771
-313.688728,9.372878
-313.620419,9.001488
-313.546734,8.631712
-313.467600,8.262736
-313.383133,7.895553
-313.293085,7.529529
-313.197698,7.165898
-313.096917,6.804478
-312.990776,6.444991
-312.879237,6.087585
-312.761698,5.730758
-312.639080,5.377539
-312.510596,5.025699
-312.376902,4.676789
-312.237519,4.329787
-312.092807,3.985868
-311.942708,3.644989
-311.787064,3.306846
-311.625153,2.969747
-311.459147,2.638396
-311.287254,2.309276
-311.109493,1.982657
-310.926433,1.659687
-310.737787,1.339667
-310.544575,1.024460
-310.345956,0.712799
-310.141116,0.403592
-309.931701,0.099420
-309.717094,-0.200859
-309.497573,-0.496723
-309.272475,-0.788896
-309.041910,-1.077083
-308.806914,-1.359950
-308.566540,-1.638821
-308.321496,-1.912556
-308.071551,-2.181414
-307.815513,-2.446681
-307.555701,-2.705963
-307.290311,-2.961123
-307.020394,-3.210965
-306.746002,-3.455584
-306.466459,-3.695708
-306.183330,-3.930071
-305.895639,-4.159566
-305.603496,-4.383968
-305.306738,-4.603486
-305.006563,-4.817363
-304.702946,-5.025733
-304.395494,-5.228927
-304.084705,-5.426511
-303.768939,-5.619608
-303.451364,-5.806385
-303.129575,-5.988371
-302.806160,-6.164149
-302.478267,-6.335189
-302.147506,-6.500699
-301.814703,-6.660409
-301.479028,-6.814812
-301.140847,-6.963775
-300.799974,-7.107284
-300.456085,-7.245553
-300.111514,-7.377773
-299.763535,-7.505084
-299.414082,-7.626792
-299.062426,-7.743072
-298.708524,-7.854022
-298.353505,-7.959399
-297.996708,-8.059487
-297.637217,-8.154555
-297.277348,-8.243893
-296.917281,-8.327609
-296.554010,-8.406504
-296.190906,-8.479889
-295.826017,-8.548223
-295.460156,-8.611250
-295.093294,-8.669072
-294.724960,-8.721858
-294.356922,-8.769426
-293.987336,-8.812067
-293.616495,-8.849632
-293.247387,-8.881936
-292.874875,-8.909543
-292.504247,-8.932096
-292.133110,-8.949833
-291.760614,-8.962690
-291.388583,-8.970684
-291.014960,-8.973958
-290.643668,-8.972550
-290.271499,-8.966530
-289.897746,-8.955760
-289.524885,-8.940383
-289.153222,-8.920551
-288.780913,-8.896244
-288.408948,-8.867549
-288.037485,-8.834467
-287.665443,-8.796857
-287.294765,-8.755039
-286.923672,-8.708902
-286.553594,-8.658669
-286.184507,-8.604341
-285.814814,-8.545647
-285.446481,-8.483017
-285.078994,-8.416468
-284.710854,-8.345768
-284.344814,-8.271429
-283.978150,-8.192876
-283.612702,-8.110617
-283.249404,-8.024974
-282.884757,-7.935174
-282.521853,-7.841940
-282.159761,-7.745018
-281.798477,-7.644541
-281.438906,-7.540855
-281.078856,-7.433337
-280.720269,-7.322532
-280.362977,-7.208546
-280.006232,-7.091235
-279.650602,-6.970837
-279.295269,-6.847060
-278.941784,-6.720416
-278.589363,-6.590776
-278.236998,-6.457846
-277.886799,-6.322477
-277.536872,-6.183936
-277.187193,-6.042162
-276.840538,-5.898429
-276.492639,-5.751063
-276.147271,-5.601701
-275.803719,-5.450054
-275.460037,-5.295233
-275.115979,-5.137233
-274.775867,-4.978140
-274.434879,-4.815778
-274.096258,-4.651666
-273.757852,-4.484744
-273.420227,-4.315418
-273.083899,-4.144038
-272.748209,-3.970326
-272.414466,-3.794955
-272.081140,-3.617097
-271.748372,-3.436960
-271.417626,-3.255435
-271.087151,-3.071625
-270.757417,-2.885771
-270.429332,-2.698360
-270.101054,-2.508485
-269.774678,-2.317446
-269.449416,-2.124857
-269.123382,-1.929578
-268.801166,-1.734335
-268.477716,-1.536233
-268.154016,-1.335938
-267.833910,-1.135899
-267.512926,-0.933327
-267.193274,-0.729574
-266.874499,-0.524509
-266.555826,-0.317725
-266.238745,-0.110251
-265.922288,0.098550
-265.606116,0.308934
-265.290675,0.520454
-264.975919,0.733043
-264.661863,0.946628
-264.348353,1.161324
-264.033802,1.378255
-263.722318,1.594434
-263.409997,1.812457
-263.099178,2.030638
-262.788424,2.249987
-262.477417,2.470765
-262.167930,2.691557
-261.858288,2.913452
-261.549244,3.135855
-261.240597,3.358915
-260.931430,3.583327
-260.623356,3.807764
-260.315994,4.032399
-260.008947,4.257459
-259.700742,4.484035
-259.394117,4.710142
-259.086279,4.937682
-258.780241,5.164327
-258.473660,5.391747
-258.166135,5.620252
-257.860618,5.847672
-257.553609,6.076456
-257.247323,6.304851
-256.941286,6.533149
-256.635251,6.761542
-256.328468,6.990617
-256.021045,7.220134
-255.715126,7.448393
-255.408037,7.677328
-255.101137,7.905932
-254.793522,8.134903
-254.486669,8.362987
-254.178922,8.591314
-253.870569,8.819607
-253.561292,9.048106
-253.252584,9.275734
-252.944142,9.502560
-252.634072,9.729876
-252.325323,9.955461
-252.015187,10.181303
-251.703297,10.407686
-251.392627,10.632296
-251.080345,10.857085
-250.768057,11.080833
-250.456302,11.303168
-250.141775,11.526468
-249.827611,11.748344
-249.514349,11.968331
-249.197553,12.189481
-248.882755,12.407932
-248.565778,12.626617
-248.247121,12.845021
-247.929882,13.060932
-247.610817,13.276508
-247.291023,13.491008
-246.970670,13.704340
-246.647451,13.917878
-246.324989,14.129126
-246.003242,14.338080
-245.677532,14.547779
-245.353822,14.754393
-245.026345,14.961463
-244.698874,15.166489
-244.372361,15.368841
-244.041872,15.571583
-243.711972,15.771912
-243.380395,15.971070
-243.048101,16.168383
-242.716344,16.363069
-242.380558,16.557807
-242.046373,16.749338
-241.709190,16.940169
-241.371512,17.128776
-241.033207,17.315187
-240.693204,17.500003
-240.350876,17.683562
-240.009022,17.864222
-239.665782,18.042897
-239.321208,18.219501
-238.975179,18.394096
-238.627890,18.566597
-238.279403,18.736833
-237.928861,18.905126
-237.579752,19.069762
-237.226092,19.233575
-236.873167,19.394101
-236.519768,19.551791
-236.163969,19.707417
-235.807090,19.860332
-235.449114,20.010552
-235.089084,20.158486
-234.727673,20.303709
-234.367216,20.445219
-234.004362,20.584300
-233.639015,20.720925
-233.275168,20.853680
-232.907134,20.984549
-232.541255,21.111165
-232.172121,21.235365
-231.801204,21.356571
-231.431868,21.473771
-231.059058,21.588484
-230.685726,21.699667
-230.311536,21.807367
-229.935121,21.911928
-229.559537,22.012538
-229.181470,22.110027
-228.803898,22.203549
-228.425226,22.293480
-228.044171,22.380076
-227.663559,22.462670
-227.283929,22.541180
-226.900350,22.616613
-226.518867,22.687756
-226.134526,22.755554
-225.751436,22.819267
-225.366673,22.879400
-224.981981,22.935669
-224.598111,22.987993
-224.212639,23.036712
-223.826243,23.081714
-223.439305,23.122946
-223.052907,23.160301
-222.667462,23.193771
-222.280605,23.223570
-221.893538,23.249587
-221.506789,23.271795
-221.119115,23.290265
-220.731611,23.304936
-220.344267,23.315818
-219.957250,23.322916
-219.568357,23.326254
-219.183072,23.325800
-218.794209,23.321561
-218.408736,23.313594
-218.021978,23.301841
-217.635678,23.286336
-217.249450,23.267066
-216.863615,23.244050
-216.478053,23.217282
-216.093416,23.186817
-215.707601,23.152481
-215.323266,23.114497
-214.940099,23.072865
-214.556247,23.027382
-214.174647,22.978400
-213.791544,22.925442
-213.410175,22.868936
-213.030436,22.808901
-212.649425,22.744873
-212.270867,22.677467
-211.892084,22.606228
-211.513133,22.531138
-211.137830,22.452975
-210.761408,22.370774
-210.384848,22.284703
-210.012397,22.195756
-209.638659,22.102677
-209.266962,22.006269
-208.895892,21.906180
-208.526248,21.802628
-208.156835,21.695273
-207.788820,21.584410
-207.423334,21.470372
-207.058771,21.352799
-206.695995,21.232048
-206.332802,21.107420
-205.972791,20.980138
-205.613328,20.849282
-205.256393,20.715703
-204.900981,20.579133
-204.544688,20.438674
-204.191506,20.295878
-203.840930,20.150572
-203.490926,20.002059
-203.142673,19.850914
-202.794677,19.696533
-202.450334,19.540425
-202.106367,19.381116
-201.762967,19.218802
-201.422698,19.054788
-201.081807,18.887323
-200.745643,18.719034
-200.408742,18.547200
-200.072729,18.372746
-199.739938,18.196986
-199.407984,18.018734
-199.077340,17.838230
-198.749103,17.656066
-198.421765,17.471557
-198.095293,17.284760
-197.771237,17.096622
-197.447640,16.906003
-197.126506,16.714066
-196.805656,16.519661
-196.487634,16.324416
-196.168961,16.126254
-195.854144,15.927967
-195.539659,15.727345
-195.226009,15.524837
-194.914386,15.321305
-194.603657,15.116073
-194.293223,14.908722
-193.986167,14.701302
-193.679034,14.491645
-193.372328,14.280164
-193.069171,14.069082
-192.766103,13.855998
-192.464141,13.641596
-192.163427,13.426128
-191.863407,13.209290
-191.564080,12.991130
-191.267529,12.773168
-190.971202,12.553519
-190.675137,12.332350
-190.381852,12.111641
-190.087527,11.888581
-189.794667,11.665041
-189.504810,11.442191
-189.213220,11.216551
-188.924759,10.991968
-188.636347,10.766114
-188.347715,10.538757
-188.061680,10.312093
-187.774752,10.083520
-187.490541,9.856009
-187.205738,9.626973
-186.921113,9.397056
-186.638792,9.167883
-186.355033,8.936537
-186.074491,8.706934
-185.793759,8.476370
-185.512225,8.244376
-185.233196,8.013586
-184.954019,7.781936
-184.674985,7.549787
-184.396647,7.317674
-184.118109,7.084893
-183.841367,6.853017
-183.564298,6.620397
-183.288579,6.388565
-183.012011,6.155744
-182.736169,5.923305
-182.461172,5.691242
-182.186114,5.458835
-181.911708,5.226921
-181.637932,4.995624
-181.363485,4.763926
-181.089370,4.532670
-180.815605,4.301852
-180.541792,4.071301
-180.268813,3.841856
-179.994981,3.612155
-179.720898,3.382686
-179.447300,3.154036
-179.173551,2.925834
-178.899538,2.698079
-178.625674,2.471169
-178.351607,2.244789
-178.076541,2.018258
-177.803084,1.793877
-177.528843,1.569770
-177.253108,1.345416
-176.978463,1.122949
-176.702221,0.900082
-176.427503,0.679452
-176.150647,0.458234
-175.874132,0.238483
-175.597758,0.020072
-175.320059,-0.198258
-175.042732,-0.415050
-174.765394,-0.630496
-174.487054,-0.845296
-174.208103,-1.059108
-173.928359,-1.272167
-173.648693,-1.483695
-173.368875,-1.693756
-173.088100,-1.902891
-172.806342,-2.111076
-172.524424,-2.317800
-172.241947,-2.523248
-171.959020,-2.727226
-171.674856,-2.930235
-171.390497,-3.131494
-171.105365,-3.331514
-170.819229,-3.530342
-170.532819,-3.727356
-170.246182,-3.922473
-169.958122,-4.116473
-169.668994,-4.309205
-169.379793,-4.499895
-169.090628,-4.688378
-168.799467,-4.875918
-168.508037,-5.061359
-168.214857,-5.245738
-167.922141,-5.427556
-167.628669,-5.607480
-167.333378,-5.786093
-167.037969,-5.962330
-166.740537,-6.137422
-166.443949,-6.309575
-166.146289,-6.479820
-165.846217,-6.648844
-165.547208,-6.814660
-165.245565,-6.979423
-164.944129,-7.141464
-164.642196,-7.301078
-164.338694,-7.458773
-164.034761,-7.613925
-163.729112,-7.767283
-163.423536,-7.917845
-163.117530,-8.065779
-162.809248,-8.211912
-162.501316,-8.354966
-162.191495,-8.496082
-161.881721,-8.634274
-161.571712,-8.769591
-161.259015,-8.903039
-160.946718,-9.033258
-160.633383,-9.160960
-160.318622,-9.286196
-160.003909,-9.408281
-159.688617,-9.527426
-159.372252,-9.643792
-159.054386,-9.757582
-158.735677,-9.868482
-158.416993,-9.976135
-158.097647,-10.080756
-157.777440,-10.182395
-157.455107,-10.281427
-157.133290,-10.377031
-156.809893,-10.469843
-156.486516,-10.559400
-156.162383,-10.645931
-155.836306,-10.729741
-155.510846,-10.810167
-155.183759,-10.887777
-154.856108,-10.962305
-154.529749,-11.033354
-154.199924,-11.101961
-153.871062,-11.167175
-153.542345,-11.229193
-153.211895,-11.288369
-152.883159,-11.344091
-152.550946,-11.397243
-152.219816,-11.447063
-151.888472,-11.493776
-151.557371,-11.537327
-151.226191,-11.577775
-150.893371,-11.615300
-150.560421,-11.649712
-150.228151,-11.680943
-149.895377,-11.709117
-149.562540,-11.734195
-149.228389,-11.756262
-148.895167,-11.775164
-148.561653,-11.790988
-148.228207,-11.803716
-147.895736,-11.813329
-147.561887,-11.819898
-147.227985,-11.823375
-146.894850,-11.823761
-146.561567,-11.821066
-146.229376,-11.815312
-145.895975,-11.806459
-145.563303,-11.794547
-145.230783,-11.779564
-144.898481,-11.761516
-144.566978,-11.740440
-144.234826,-11.716246
-143.903051,-11.688996
-143.572339,-11.658717
-143.241117,-11.625231
-142.910725,-11.588785
-142.579609,-11.549275
-142.249475,-11.506930
-141.918526,-11.461498
-141.589919,-11.413388
-141.260865,-11.362340
-140.930314,-11.308228
-140.602862,-11.251843
-140.274774,-11.192551
-139.946235,-11.130332
-139.619811,-11.065804
-139.292407,-10.998434
-138.965867,-10.928623
-138.640030,-10.856325
-138.313733,-10.781247
-137.989565,-10.704115
-137.664138,-10.624199
-137.340970,-10.542393
-137.017028,-10.457922
-136.693761,-10.371118
-136.371102,-10.282095
-136.048705,-10.190827
-135.726631,-10.097364
-135.407213,-10.002420
-135.086073,-9.904608
-134.766992,-9.805164
-134.447198,-9.703324
-134.127958,-9.599530
-133.810864,-9.494341
-133.492293,-9.386469
-133.176111,-9.277316
-132.859465,-9.166007
-132.542526,-9.052636
-132.227506,-8.938026
-131.912995,-8.821590
-131.598962,-8.703419
-131.284987,-8.583448
-130.971337,-8.461825
-130.658229,-8.338663
-130.346446,-8.214187
-130.034661,-8.087976
-129.723734,-7.960473
-129.413024,-7.831471
-129.102450,-7.700960
-128.793038,-7.569286
-128.483149,-7.435854
-128.173882,-7.301231
-127.865778,-7.165711
-127.556966,-7.028500
-127.249440,-6.890393
-126.943497,-6.751640
-126.636869,-6.611316
-126.327400,-6.468465
-126.024964,-6.327684
-125.718097,-6.183571
-125.413764,-6.039479
-125.109229,-5.894225
-124.804461,-5.747844
-124.500897,-5.601054
-124.196709,-5.452887
-123.893353,-5.304155
-123.589004,-5.153958
-123.285531,-5.003370
-122.982447,-4.852279
-122.679090,-4.700422
-122.376745,-4.548483
-122.073892,-4.395614
-121.771011,-4.242163
-121.468707,-4.088542
-121.165293,-3.933946
-120.864296,-3.780204
-120.562089,-3.625380
-120.258740,-3.469613
-119.957362,-3.314601
-119.655601,-3.159192
-119.353588,-3.003482
-119.051654,-2.847556
-118.749856,-2.691552
-118.446859,-2.534879
-118.145350,-2.378983
-117.842902,-2.222639
-117.540201,-2.066115
-117.238366,-1.910099
-116.934960,-1.753432
-116.631376,-1.596889
-116.329784,-1.441618
-116.027027,-1.285906
-115.723713,-1.130176
-115.418626,-0.973906
-115.115702,-0.819167
-114.812181,-0.664574
-114.507384,-0.509699
-114.202940,-0.355480
-113.897879,-0.201524
-113.593264,-0.048422
-113.288465,0.104118
-112.982672,0.256581
-112.676475,0.408565
-112.369701,0.560054
-112.062451,0.710944
-111.755911,0.860625
-111.447427,1.010477
-111.139597,1.159127
-110.831384,1.306982
-110.522316,1.454214
-110.213086,1.600463
-109.903120,1.746083
-109.592086,1.891119
-109.280441,2.035255
-108.968541,2.178275
-108.657694,2.319559
-108.345567,2.460200
-108.031646,2.600441
-107.717915,2.739259
-107.403962,2.876774
-107.089269,3.013178
-106.774389,3.148248
-106.457730,3.282685
-106.141044,3.415607
-105.823792,3.547176
-105.506110,3.677298
-105.187645,3.806138
-104.868413,3.933704
-104.548276,4.059921
-104.227928,4.184446
-103.906734,4.307489
-103.584644,4.429086
-103.262421,4.548967
-102.938646,4.667531
-102.615153,4.784036
-102.290577,4.898943
-101.964932,5.012259
-101.639294,5.123626
-101.312505,5.233319
-100.983969,5.341455
-100.657105,5.446879
-100.327128,5.551162
-99.998257,5.652971
-99.668370,5.752856
-99.336558,5.851012
-99.006112,5.946431
-98.673511,6.040161
-98.340371,6.131743
-98.007058,6.220960
-97.672323,6.308079
-97.337866,6.392622
-97.002227,6.474981
-96.665681,6.555095
-96.328762,6.632713
-95.990611,6.707965
-95.653436,6.780333
-95.314170,6.850497
-94.974593,6.918087
-94.633337,6.983247
-94.293902,7.045251
-93.953222,7.104654
-93.611434,7.161431
-93.268744,7.215549
-92.925813,7.266781
-92.583037,7.315016
-92.239737,7.360322
-91.895139,7.402784
-91.550927,7.442188
-91.205743,7.478652
-90.860510,7.512048
-90.515636,7.542337
-90.169687,7.569640
-89.824903,7.593779
-89.478979,7.614925
-89.133389,7.632978
-88.788486,7.647936
-88.441902,7.659898
-88.096670,7.668750
-87.750467,7.674565
-87.405402,7.677304
-87.059960,7.676996
-86.714271,7.673630
-86.369076,7.667215
-86.024149,7.657756
-85.678818,7.645232
-85.334923,7.629717
-84.990301,7.611122
-84.646267,7.589510
-84.301955,7.564828
-83.958404,7.537148
-83.615132,7.506439
-83.272411,7.472730
-82.929544,7.435951
-82.588162,7.396281
-82.245922,7.353454
-81.905748,7.307751
-81.565850,7.259046
-81.226681,7.207486
-80.887011,7.152922
-80.550405,7.095962
-80.212851,7.035878
-79.876564,6.973146
-79.540944,6.907752
-79.205776,6.839701
-78.872018,6.769217
-78.538939,6.696087
-78.206573,6.620417
-77.875261,6.542378
-77.544058,6.461794
-77.214721,6.379122
-76.885643,6.293897
-76.556806,6.206203
-76.231262,6.116962
-75.903445,6.024701
-75.578360,5.930834
-75.254358,5.834841
-74.930214,5.736454
-74.608354,5.636504
-74.286465,5.534332
-73.965000,5.430094
-73.645902,5.324358
-73.325847,5.216126
-73.008388,5.106688
-72.691067,4.995260
-72.374054,4.881917
-72.059437,4.767338
-71.744081,4.650490
-71.430896,4.532539
-71.118459,4.412973
-70.806420,4.291655
-70.495767,4.169105
-70.185821,4.045133
-69.875414,3.919301
-69.567811,3.792916
-69.260453,3.664929
-68.954304,3.535866
-68.647891,3.405173
-68.342422,3.273395
-68.037940,3.140535
-67.734805,3.006738
-67.432586,2.871952
-67.129526,2.735453
-66.828372,2.598511
-66.527712,2.460472
-66.228207,2.321622
-65.929656,2.182005
-65.630454,2.040936
-65.333019,1.899586
-65.035414,1.757018
-64.739392,1.614053
-64.443475,1.470114
-64.148852,1.325848
-63.854251,1.180670
-63.559648,1.034541
-63.266400,0.888114
-62.974423,0.741490
-62.681345,0.593543
-62.390503,0.445993
-62.098567,0.297128
-61.808574,0.148478
-61.518725,-0.000743
-61.227735,-0.151132
-60.939589,-0.300592
-60.651183,-0.450752
-60.363061,-0.601351
-60.075377,-0.752175
-59.787837,-0.903309
-59.500626,-1.054623
-59.214059,-1.205972
-58.927844,-1.357531
-58.642029,-1.509143
-58.356335,-1.660884
-58.070233,-1.813003
-57.785417,-1.964624
-57.500844,-2.116322
-57.216614,-2.267909
-56.932576,-2.419399
-56.648388,-2.570938
-56.363977,-2.722592
-56.081505,-2.873231
-55.797932,-3.024341
-55.514751,-3.175057
-55.230824,-3.325952
-54.948969,-3.475555
-54.666242,-3.625452
-54.383555,-3.775026
-54.101042,-3.924139
-53.818796,-4.072708
-53.535630,-4.221384
-53.253673,-4.369072
-52.971519,-4.516379
-52.688977,-4.663335
-52.406845,-4.809494
-52.124063,-4.955388
-51.840939,-5.100951
-51.559720,-5.244925
-51.276986,-5.388972
-50.994826,-5.531977
-50.711667,-5.674716
-50.429298,-5.816378
-50.146975,-5.957233
-49.863823,-6.097624
-49.580835,-6.237009
-49.298091,-6.375333
-49.014590,-6.513177
-48.732132,-6.649560
-48.447379,-6.786000
-48.164188,-6.920599
-47.880516,-7.054319
-47.596323,-7.187268
-47.312342,-7.318996
-47.028005,-7.449680
-46.743247,-7.579303
-46.457060,-7.708296
-46.172761,-7.835261
-45.887653,-7.961309
-45.602084,-8.086191
-45.315375,-8.210157
-45.029352,-8.332395
-44.743343,-8.453296
-44.456749,-8.573009
-44.169336,-8.691539
-43.881969,-8.808485
-43.594199,-8.924014
-43.306656,-9.037968
-43.018540,-9.150566
-42.729613,-9.261807
-42.441131,-9.371167
-42.151293,-9.479313
-41.861815,-9.585691
-41.572609,-9.690244
-41.282150,-9.793435
-40.991959,-9.894680
-40.700147,-9.994619
-40.409072,-10.092529
-40.119580,-10.188107
-39.828792,-10.282254
-39.538579,-10.374184
-39.249127,-10.463780
-38.961181,-10.550802
-38.671672,-10.636202
-38.382061,-10.719575
-38.092276,-10.800834
-37.801956,-10.880032
-37.510491,-10.957302
-37.219825,-11.032162
-36.928308,-11.105074
-36.636945,-11.175666
-36.345548,-11.243937
-36.053722,-11.309960
-35.761139,-11.373834
-35.468767,-11.435374
-35.175711,-11.494652
-34.882662,-11.551471
-34.589961,-11.605752
-34.296892,-11.657640
-34.002693,-11.707267
-33.708676,-11.754365
-33.414055,-11.799046
-33.119921,-11.841138
-32.825829,-11.880739
-32.531323,-11.917900
-32.240005,-11.952194
-31.947841,-11.984131
-31.658905,-12.013271
-31.373785,-12.039633
-31.090063,-12.063493
-30.809216,-12.084775
-30.532271,-12.103455
-30.257058,-12.119747
-29.986928,-12.133522
-29.719605,-12.144996
-29.455359,-12.154226
-29.194210,-12.161284
-28.936430,-12.166236
-28.683159,-12.169147
-28.431340,-12.170125
-28.183897,-12.169216
-27.939864,-12.166503
-27.699288,-12.162061
-27.463080,-12.155986
-27.113642,-12.143886
-26.771956,-12.128448
-26.438091,-12.109907
-26.111030,-12.088421
-25.793244,-12.064377
-25.482173,-12.037810
-25.179766,-12.009092
-24.885079,-11.978355
-24.597391,-11.945717
-24.318613,-11.911594
-24.046836,-11.875954
-23.783087,-11.839114
-23.527405,-11.801271
-23.279026,-11.762492
-23.038801,-11.723083
-22.805927,-11.683087
-22.508042,-11.629334
-22.223135,-11.575185
-21.952497,-11.521250
-21.694921,-11.467643
-21.450943,-11.414804
-21.220522,-11.363047
-20.951651,-11.300358
-20.702842,-11.240130
-20.475317,-11.182858
-20.229852,-11.118872
-19.980187,-11.051708
-19.743726,-10.986141
-19.520871,-10.922591
-19.296650,-10.856908
-19.069027,-10.788455
-18.834219,-10.715970
-18.602256,-10.642486
-18.374345,-10.568455
-18.144603,-10.491979
-17.915429,-10.413829
-17.689644,-10.335001
-17.464262,-10.254484
-17.238892,-10.172129
-17.015730,-10.088752
-16.792968,-10.003693
-16.570956,-9.917086
-16.350465,-9.829241
-16.146684,-9.745393
-15.956033,-9.660448
-15.773634,-9.572448
-15.590472,-9.477116
-15.412135,-9.377310
-15.238282,-9.273258
-15.068864,-9.165343
-14.894331,-9.047330
-14.724822,-8.925956
-14.560224,-8.801621
-14.391684,-8.667584
-14.228565,-8.531277
-14.062394,-8.385666
-13.902534,-8.239018
-13.749341,-8.092128
-13.595684,-7.938130
-13.449072,-7.784546
-13.302384,-7.623972
-13.155368,-7.455935
-13.014688,-7.288420
-12.874407,-7.114790
-12.734846,-6.935522
-12.596383,-6.751359
-12.459527,-6.563331
-12.325567,-6.373722
-12.194751,-6.183665
-12.044816,-5.964546
-11.868964,-5.721081
-11.683275,-5.481972
-11.482974,-5.243041
-11.274737,-5.012867
-11.061994,-4.794343
-10.846230,-4.587398
-10.623405,-4.387034
-10.397484,-4.195915
-10.168706,-4.013642
-9.934841,-3.838242
-9.674028,-3.654656
-9.409773,-3.480740
-9.143671,-3.317253
-8.870883,-3.161004
-8.610109,-3.021689
-8.347890,-2.890911
-8.084671,-2.768438
-7.796756,-2.644026
-7.508550,-2.528966
-7.220341,-2.422908
-6.932548,-2.325554
-6.645855,-2.236600
-6.360058,-2.155537
-6.075302,-2.082026
-5.792510,-2.015896
-5.511433,-1.956653
-5.232562,-1.904015
-4.955734,-1.857547
-4.658450,-1.813841
-4.363915,-1.776647
-4.072644,-1.745626
-3.786431,-1.720306
-3.505058,-1.699879
-3.226982,-1.683725
-2.952378,-1.671545
-2.681394,-1.663012
-2.393503,-1.657545
-2.109413,-1.655617
-1.829385,-1.656915
-1.553251,-1.661141
-1.276031,-1.668137
-1.000039,-1.677601
-0.729094,-1.689134
-0.468667,-1.702131
